EIN2,split,text,human_label
EIN-43-1229351,prompt_dev,"the eugene field house foundation preserves and maintains the oldest private residential historic house and property in downtown st. louis, along with an extensive collection of original field furnishings and artifacts. it provides the community a source of historic life in late 19th century st. louis, along with educating the community about the importance of the field family in st. louis history.",0
EIN-81-3499678,prompt_dev,"Olive Tree Arts Network is a youth arts organization that uses creative expression to promote cooperation, understanding and peace in our multifaith society. Olive Tree Arts Network visited eight schools in 2019-2020 school year and served 400 students. A staff of 16 teaching artists provide in-school arts programming to children from different faith backgrounds and encourage them to explore their commonalities.",0
EIN-68-0597127,prompt_dev,"provide a training resource network comprised of public and private organizations focused on the development and employment of the transit industry's workforce that is proficient in the standards, practices, and procedures for incumbent and new workers.",0
EIN-46-3270733,prompt_dev,"The schools we work with don't have the funds to provide their students with school supplies all year round. We provide our partner schools with clean uniforms, new backpacks, notebooks, pencils, art supplies, gym equipment and all other tools their students need to succeed.",0
EIN-27-0619116,prompt_dev,"provide courses and programs in environmental stewardship for students of evangelical christian colleges and universities, fosters academic leadership through forums",1
EIN-22-3530496,prompt_dev,"the mission of hackensack riverkeeper is to protect, preserve and restore the hackensack river watershed and its living resources. hackensack riverkeeper fights for clean water, open space preservation and public access to the river for both active and passive recreation. it accomplishes its mission by prosecuting polluters, participating in the administration of local and regional open space trust funds, educating the public through school and community based programs, and organizing a variety of eco-programs including cleanups, pontoon boat cruises, birding walks and canoe and kayak rentals in the meadowlands,over county park, and various events throughout the water shed.",0
EIN-27-1426170,prompt_dev,"The Bridge Between Inc is a nonprofit horse sanctuary. Our to fold mission is to rescue and rehabilitate abused, abandoned, and neglected horses, using these beautiful and spiritual animals in the pursuit of helping adults and children with physical and emotional difficulties. The rescued horses are brought back to health with the help of our volunteers and professionals. When the horses are healthy they begin working in our programs which helps in the healing process for both humans and animals. Ultimately through the unconditional love and compassion given to and taken from one another, both humans and animals begin to find a place in the world where they can become productive and healthy and are then able to give back to others.",0
EIN-59-2811456,prompt_dev,"to promote better understanding, appreciation, and conservation of the natural history, cultural history and natural environment of the st marks national wildlife refuge",0
EIN-45-4817136,prompt_dev,"Friends of Tenwek Inc was incorporated as a Public Charity to provide funds to help support the ministries of Tenwek Hospital, Bomet, Kenya. These ministries include the Tenwek Hospital, Tenwek Nursing School, Tenwek Chaplaincy School, Tenwek Community Health & Development, and specific missionary ministries.",1
EIN-04-3608956,prompt_dev,The mission of Smokefree SC is to support and amplify the work of tobacco prevention and control stakeholders throughout South Carolina.,0
EIN-47-4265339,prompt_dev,we are a non profit organization on a mission to bring mental health awareness to students and communities in minnesota.,0
EIN-52-1390561,prompt_dev,charles county freedom landing provides a range of services to assist adults with serious persistent emotional disorders.,0
EIN-27-0862779,prompt_dev,"to provide spiritual, emotional and financial support to families with children who have been diagnosed with oncology or hematology related diseases.",1
EIN-34-1427163,prompt_dev,this club is organized to financially assist and support the development and improvement of all athletic programs at mansfield st. peter's schools.,0
EIN-33-0970245,prompt_dev,"san diego cancer research institute is engaged in helping cancer patients gain quick access to state-of-the-art medical treatment, and to provide them with optimal physical, emotional, and spiritual guidance to challenge their illness.",0
EIN-13-0887555,prompt_dev,"the international association of jewish vocational services strengthens the capabilities and capacity of its member agencies to increase economic self-sufficiency, independence and build a productive work force of its constituent clients. iajvs provides its member organizations with technical assistance, research and information services, research private, corporate and governmental funding opportunities for its affiliates, grant opportunities, and national and international collaborations. iajvs provides opportunities for professional development through the development and sponsorship of annual conference, executive leadership forums, teleconferences, and train-the-trainer institutes.",1
EIN-46-4081439,prompt_dev,"professional association focused on the facilities maintenance and construction profession. provide members with access to network, learn new technologies and a place to see new products in our industry. we are a chapter of the pacific coast appa who are facilities directors in universities & colleges.",0
EIN-81-5222162,prompt_dev,security protection services for the Jewish community,1
EIN-87-2442066,prompt_dev,"FCI creates better access to the workforce for jobseekers with past convictions, yielding better outcomes for companies and communities. By centering our efforts on employer practices - generating new tools and resources and elevating research and best practices - we help drive inclusive growth.",0
EIN-46-3275283,prompt_dev,"providing support and services to adults and families to address dysfunctional behaviors preventing productive self-sufficient lives with a goal of addressing socio-economic needs in the community. path of life enterprises will provide employment, job training, entrepreneurial skills and training, educational training, employment/career coaching, and parolee reintegration programs. this corporation will also support and benefit another public benefit organization, path of life ministries (ein: 33- 0724945).",0
EIN-41-2126918,prompt_dev,"We believe it is our faith in the love of Jesus Christ that calls us to be a fountain of hope for our fellow man. Through our ministries and following the teachings of Jesus Christ, we strive to help feed the hungry, comfort the cold, and raise up the downtrodden.",1
EIN-87-1955103,prompt_dev,"Specifically to help the needs of the church and community by providing food, clothing and other community resources with the love of christ.",1
EIN-86-1096987,prompt_dev,"The Organization works in public housing communities primarily in Western Queens, NY to provide residents with tools and resources needed for personal and community improvement and revitalization, primarily focusing on achieving economic mobility, self sufficiency. Results are achieved through a combination of integrated programs in individual and community development.",0
EIN-92-2948670,prompt_dev,"We perform religious and charitable works to relieve the poor and needy; this includes prayer, affordable housing, community outreaches, food assistance, clothing assistance, and other resources to enhance physical, mental, and spiritual health.",1
EIN-83-2560847,prompt_dev,to educate strengthen and empower under served communities through digital community engagement advocacy and training.,0
EIN-54-1606631,prompt_dev,"volunteer fire protection, hazardous material response and rescue services in natural bridge, virigina, and the surrounding community.",0
EIN-27-1083539,prompt_dev,to operate camps for christian ministry.to witness to the lordship of jesus christ and provide an extraordinary christian community experience.,1
EIN-43-6048701,prompt_dev,to provide christian camping for children,1
EIN-56-0529984,prompt_dev,"the boy scouts of america is one of the nation's largest and most prominent values-based youth development organizations. the bsa provides a program for young people that builds character, trains them in the responsibilities of participating citizenship, and develops personal fitness. the bsa has helped build the future leaders of this country by combining educational activities and lifelong values with fun. the boy scouts of america believes, and through experience, knows that helping youth is a key to building a more conscientious, responsible, and productive society.",0
EIN-35-1158181,prompt_dev,To share the Gospel of Jesus Christ with children in Elkhart and Lagrange Counties as well as Togo West Africa.,1
EIN-58-1112549,prompt_dev,philips tower is a christian ministry providing exceptional services to enhance the quality of life for senior adults.,1
EIN-45-1744226,prompt_dev,"Global Orphan Hope seeks to serve by caring for orphans around the world. Global Orphan Hope believes that every child deserves to be loved, to feel secure, and to have a place to call home. When a child cannot remain with his/her family, it is our desire for that child to feel loved and to know that his or her educational, emotional, physical, and spiritual needs will be provided by loving, gentle hands.",1
EIN-80-0306828,prompt_dev,"To support the activities of North County Health Project, Inc. a non profit 501(3)(c) Federally Qualified Health Center serving the health care needs of the community and serving especially the uninsured.",0
EIN-20-8684060,prompt_dev,"change the truth is a not for profit organization dedicated to improving the lives of children in uganda, in particular those at st. mary kevin motherhood orphanage in the small town of kajjansi.",0
EIN-13-3675270,prompt_dev,"new york women's agenda is a coalition of women professionals, organizations, and community activists who support the diversity and interests of new york women through collaboration, advocacy and education.",0
EIN-58-2058358,prompt_dev,"to provide trained, screened and supervised volunteers to advocate for the best interest of abused and neglected children in juvenile court deprivation proceedings.",0
EIN-45-0443523,prompt_dev,dakota business lending is a small business resource that drives economic growth by:1. providing unique financing opportunities2. positively impacting the communities we serve3. educating and guiding small businesses4. building partnerships that add value and creating an environment where our team members thrive.,0
EIN-20-2629999,prompt_dev,"to achieve a disaster resilient and safe community through education, training and partnerships",0
EIN-84-3656926,prompt_dev,"the jason w. read protect and serve foundation is a non-profit organization that provides donations to law enforcement agencies to help protect officers while they are on duty. donations include, but are not limited to, equipment, training, or funds.",0
EIN-47-4326632,prompt_dev,charitable purpose of offering direct financial support to students to advance their education for a career in the wine industry and advocating the wine industry to support gender diversity and talent development.,0
EIN-20-5235736,prompt_dev,"innovate st. louis focuses on the promotion of science and technology by facilitating, stimulating, and sponsoring educational endeavors which will ultimately serve to make st. louis a haven to innovation.",0
EIN-46-1028799,prompt_dev,"the widernet project works to deliver educational resources, knowledge and training to underprivileged individuals and communities worldwide and improve their digital communication. the widernet project is a non-profit organization based in chapel hill, nc and affiliated with the school of information and library science at the university of north carolina, chapel hill. the widernet project serves many people who lack internet connectivity and information resources, but its work focuses especially on the needs in developing countries. it is the mission of the widernet project to make educational resources and training opportunities available to those challenged by economic or geographic advertisity so that they can join the rest of the world on an economically sustainable level.",0
EIN-59-2794573,prompt_dev,"myers & briggs foundation's mission, as a not-for-profit organization, is to extend and teach the accurate understanding of the practical applications of the c.g. jung's theory of psychological types, which shows how our differences in experiencing events and making decisions can be valuable rather than divisive and can be used constructively to promote personal development, to manage conflict, and to increase human understanding worldwide.",0
EIN-04-3777159,prompt_dev,To provide an affordable monthly forum for people interested in astrology to gather and explore this ancient language.,0
EIN-81-3737244,prompt_dev,"we exist to partner with the local church to mentor, mobilize and multiply its ministry and leadership portential.",1
EIN-82-3034154,prompt_dev,"promoting and teaching health, fitness and spiritual growth around the world to improve communities and individual lives",0
EIN-58-1453476,prompt_dev,a religious organization that provides spiritual related teaching and ministries to its membership and community,1
EIN-22-6109425,prompt_dev,"provide opportunities for spiritual, academic, social & recreational enrichment. after school programs for children and a parent program",0
EIN-93-0446524,prompt_dev,to provide our catholic community with a beautiful cemetery to remember our deceased family and friends in a spiritual setting.,1
EIN-99-0314456,prompt_dev,"kauahea, inc. supports hawaiian arts and culture, hawaiian spiritual practices, and the preservation and perpetuation of hawaiian language by providing access to learning opportunities throughout our community.",0
EIN-84-3238596,validation,"inspiring gardens inc. will design, install and maintain therapeutic gardens that benefit the spiritual, physical and emotional needs of individuals who have or are currently experiencing stress and/or trauma which includes volunteers/employees who care for such individuals. these gardens include, but are not limited to, garden spaces for the incarcerated youth/adults; hospices; victims of assault/violence; hospitals; chronic care facilities; addiction recovery centers; victim shelters; halfway houses and alternative schools.",0
EIN-45-5572999,validation,to nbsp;promote nbsp;the nbsp;cultivation nbsp;of nbsp;buddhism nbsp;through nbsp;meditation nbsp;recitation nbsp;of nbsp;the nbsp;sutras nbsp;dharma nbsp;talks nbsp;and nbsp;discussion nbsp;and nbsp;to nbsp;participate nbsp;in nbsp;charitable nbsp;activities nbsp;all nbsp;over nbsp;the nbsp;world nbsp;as nbsp;per nbsp;the nbsp;president nbsp;s nbsp;discretion,1
EIN-46-2911313,validation,provide funding to the grand haven christian school's for the purchase of goods and services at the request of teachers and staff in the school.,1
EIN-26-3922613,validation,"the tony blair africa governance initiative-us (tbagi) received permission from the nys attorney general to operate under the assumed name the tony blair foundation (tbf.) on december 28, 2016, a certificate of merger, effective january 1, 2017, was filed with the delaware secretary of state, merging the tony blair faith foundation-us (tbff) into tbagi.tbagi was incorporated in 2008 to support programs that pioneer new ways of working with african countries, equipping visionary african leaders with the capacity to deliver on their reform agendas, tackle poverty and attract sustainable investment. tbff's mission was to provide the practical support to prevent and counter religious conflict, prejudice and extremism in order to have an open minded and stable world. tbf has been formed to continue to support both of these initiatives as well as support the initiative in the middle east to boost confidence between israel and palestinians for a more diplomatic process in the region.",0
EIN-94-2665959,validation,provide financial support to st helena high school athletic programs.,0
EIN-23-3015092,validation,"The LCC International Fund, Inc. is a non-profit organization that promotes Christian post-secondary education in Lithuania, Eastern Europe, and Central Asia.",1
EIN-52-1885486,validation,"Ignatian Lay Volunteer Corporation (d/b/a Ignatian Volunteer Corps, d/b/a IVC) (the Organization) is a religious nonprofit Maryland corporation whose purpose is to provide men and women age 50 and over the opportunity to serve the needs of people who are poor, to work for a more just society, and to grow deeper in Christian faith by reflecting and praying in the Ignatian tradition. The Organization was founded by Jesuits (Society of Jesus) of the Maryland Province in response to General Congregation 34 of the Society of Jesus. The Organization is independent and lay led, and firmly committed to maintaining its Ignatian character and its strong ties to the Society of Jesus.",1
EIN-43-1145808,validation,"Shaping young lives through musical excellence. The goal of The St. Louis Children's Choirs is to empower the youth of St. Louis through a rich choral program that helps each young singer realize their full potential - as a musician and as a person. A skilled team of directors and accompanists provide our ensemble members with musical training and character building through quality choral literature and world-class performance opportunities. Young singers, ages 6-18, rehearse weekly, learning choral singing, performing, music reading, artistry and expression - all while developing key character and achievement skills. Participation in the Choirs develops life skills such as teamwork, leadership, self-discipline, commitment, focused concentration, and respect for diversity. Students share their artistry and love of singing on the concert stage, throughout the St. Louis community, and in national and international tours.",0
EIN-20-5937667,validation,"the organization is established to further the exempt purposes of keeping the bhakta family of southwest region united and organize religious and cultural activities like bhajan, garbas, picnics, diwali programs, team building trips, etc. any event where members of the southwest are together as an organization is considered a southwest samaj event. the organization also provides education scholarships and sports activities for sw region samaj.",1
EIN-27-2310026,validation,"provide basic life support and advanced life support ambulance service to residents of the new york state townships of brighton, franklin, harrietstown, north elba, santa clara, and st. armand and the village of saranac lake.",0
EIN-20-8185890,validation,"The mission of Lift For Life Gym is to offer St. Louis city children a safe, enriching environment in which to strengthen their bodies, enrich their minds, develop healthy social relationships, and learn to make positive life choices.",0
EIN-75-2830923,validation,"Organization Maintaine & Preserve the Cultural, Social, Educational, Spiritual, Linguistic, Ecomomic, Health and tradional needs of the Members of the Carrizo Comcrudo Tribe and other Native American gro",0
EIN-47-2817064,validation,"the organization's mission is to fund medical entities, charitable entities with a goal of mitigating cancer and families in need of medical treatment for cancer",0
EIN-23-2976775,validation,"to advocate and encourage, support and assist with the emotional, spiritual and financial responsibilities of parents to their children.",0
EIN-43-6044421,validation,"the objects and purposes are as follows: 1) to operate as a non-profit association, charitable in its intent, by sponsoring a charitable ball at which young ladies may be presented to the archbishop of st. louis,and the net contribution of such charitable ball shall be given and paid over directly each year to cardinal glennon children's hospital in st. louis for the use and purposes as are required by the medical center or to any other catholic organization designated by the board. 2) to conduct a series of dances for children of members and catholic children of their friends and associates, the net proceeds thereon shall be given and paid over directly to cardinal glennon children's hospital or to any other catholic organization designated by the board. a child who is not a catholic may be permitted to attend the dances with the consent of the executive committee and the approval of the archbishops representative.",1
EIN-45-3515011,validation,"to provide shipping, purchasing, logistical, and other support services to christian missionaries in the united states and internationally.",1
EIN-94-6114235,validation,"esalen is a leading center for exploring and realizing human potential through experience, education, and research. we work toward the realization of a more humane world, seeking answers to questions unlikely to be explored by traditional universities and religions. esalen sponsors pioneering initiatives and offers personal, spiritual, and social transformation programs for residents, interns, and workshop participants.",0
EIN-23-2463233,validation,"Diakon Lutheran Senior Housing at Heilman House offers affordable, equal opportunity senior-housing accommodations. In 2010, the Diakon Lutheran Senior Housing at Heilman House provided 18,181 days of accommodation, for an occupancy rate of 99.62%.",1
EIN-47-5348862,validation,"elshadai et provides education, food, health care and spiritual development opportunities to impoverished children in addis ababa, ethiopia",1
EIN-31-1140515,validation,"See Schedule OThe Organization provides for orphaned and forgotten children and empowers families through activities such as education, health and nutrition, counseling and spiritual nurture, family support, and the pursuit of justice. The Organization also develops partnerships that help create futures of hope for at-risk kids as well as self-sustaining families and communities in a variety of countries throughout the world.",1
EIN-76-0329605,validation,provide new music/songs to churches for their worship.,1
EIN-34-1443269,validation,"offer pregnancy test, abstinence programs, post-abortion bible studies, assistance with material need, first trimester ultrasounds, men's mentoring program, parenting classes. utilizes client advocates to assist clients with pregnancy and child development topics. services are free and confidential with focus in wayne co oh area.",1
EIN-91-1547974,validation,to inspire and mobilize the christian community to take a leadership role in building a just and sustainable future.,1
EIN-43-1101962,validation,Serve as a statewide entity to focus public and private attention on the changing needs and concerns of Missouri's elder population and establish a network for consumer outreach and assistance for public benefits.,0
EIN-56-2018426,validation,"The Chapel Hill High School Band Booster Club, Inc (""the Booster Club"") engages in fundraising special events listed on Schedule G, including selling gift certificates to local grocery stores, staffing concessions at the University of North Carolina home athletic events and at certain Chapel Hill High School Fine Arts auditorium events, and the hosting of a Swing Band Dance event. In addition, members and students participate in solicitation event including fruit sales, winter guard t-shirt and other product sales. All special event activities are preformed to meet the Booster Club's primary exempt purpose - to provide financial support to the Chapel Hill High School Band programs. The Booster Club believes these activities fall under the exclusions from unrelated trades or business contained in Section 513(a)(1)-(3) of the Internal Revenue Code. Specifically, the Booster Club confirms: - all work for these activities are performed entirely by volunteers without compensation",0
EIN-38-2518504,validation,"Life Matters Worldwide (LMW) encourages, equips and connects pregnancy care center leaders, their staff and surrounding churches. As a pro-life organization, LMW provides educational, spiritual, relational and professional support; assuring that pregnancy centers and (Sch O)",1
EIN-87-0489740,validation,to promote and support christian home education in utah.,1
EIN-26-0096240,validation,"gateway pet guardians is an animal shelter whose passionate and dedicated staff and volunteers care for animals on the streets of east st. louis, illinois and surrounding areas. our mission is to end homelessness for animals in the metro east through rescue, rehabilitation, adoption, community outreach and education.",0
EIN-26-1854750,validation,"we, lourdes health system and trinity health, serve together in the spirit of the gospel as a compassionate and transforming healing presence within our communities. in the tradition of the franciscan sisters of allegany, new york, we serve all who come to us with reverence and integrity in a simple, joyful and hospitable manner. life at lourdes, inc. is a member of lourdes health system and trinity health.",1
EIN-81-5441047,validation,To provide grief support after personal loss and/or losses in Central Texas.,0
EIN-23-7087052,validation,"To foster greater economic and financial literacy among Virginias K-12 students. Through teacher education and support it seeks to have all students learn basic economic principles and develop financial skills needed to be informed citizens, productive employers and employees and wise consumers, savers and investors.",0
EIN-85-0241340,validation,"to provide assistance to people in need. for over thirty years the storehouse has been a safety net that has provided food, clothing, and household items free of charge for people struggling to support their families in a time of crisis. there is never a charge for food or clothing at the storehouse and we never turn anyone away.",0
EIN-46-1738683,validation,"serving women, father and babies born and unborn, in dodge county by offering support, guidance and education in times of physical, emotional and spiritual need.",1
EIN-82-5325577,validation,to provide transport and distrubute school supplies to children in mozambique,0
EIN-27-3106327,validation,To serve the community needs with the Gospel of Christ.,1
EIN-81-1159179,validation,autism hope for families purpose is to raise funds and to provide support and education to individuals with autism spetrum disorder and their families.,0
EIN-25-1874675,validation,"promote the sport of competitive swimming,, teamwork and sportsmanship by offering quality coaching and technique instructions for all ages and abilities.",0
EIN-59-1031546,validation,"To provide our clients with developmental disabilities dignified, compassionate, professional care in a family environment for the duration of their needs.",0
EIN-35-2338110,validation,"schedule of accomplishmnets: depaul usa created exciting new projects and met with great successes in 2013. in addition to our on-going work in philadelphia, macon, and new orleans, in 2013 depaul usa expanded to st. louis. depaul usa now has housing programs in st. louis and philadelphia. our macon and new orleans projects fill gaps in services, focusing on meeting basic needs-hygiene, medical, transportation-and collaborating with existing housing and employment agencies to serve the clients. meet us in st. louis in 2013, depaul usa began work in st. louis, merging with projects more and plus, two programs that provide scattered-site, permanent supportive- housing for 70 formerly homeless men and women with disabilities. residents live in small apartments where they restart life, have safe shelter, and maintain modest supplies of food and clothing. depaul usa pays landlords the rent for the apartments, and a team of five caseworkers visits all residents at least weekly, checking on t",0
EIN-54-1816368,validation,"seeking to put god's love into action, habitat for humanity brings people together to build homes, communities and hope to realize our vision of a world where everyone has a decent place to live. blue ridge habitat for humanity adheres to a strict non-proselytizing policy and will not base an offer of assistance on the expressed or implied condition that people adhere to or convert to a particular faith or listen and respond to messaging designed to induce conversion to a particular faith.",1
EIN-20-3288245,validation,"the st. louis integrated health network, through collaboration and partnership, strives for quality, accessible and affordable healthcare services for all residents of metropolitan st. louis, with an emphasis on the medically underserved. our guiding principles reflect our most important organizational commitments: health equity, patient-centered orientation, accountability, outcome-focused decision making, and innovation. our strategic priorities include growing our charitable programs and initiatives, stabilizing and developing workforce, and accelerating equity in healthcare.",0
EIN-46-3111366,validation,Support American Chemical Society Local Sections in the northeast to program annual meeting for the community.,0
EIN-77-0676739,validation,"our mission is public service. promote traditional chinese culture through events, workshop and promotion of cuture event. promte multicultural diversity - through information, education and the arts; more specifically through community radio. the goal is to bring significant programming to under-represented groups in bellevue while concurrently enhancing and enriching broader audiences in the city of bellevue radio market.",0
EIN-41-1597047,validation,"this trust has been established for the purpose of permitting the virginia regional medical center, a non-profit, exempt hospital to self fund workers compensation benefits.",0
EIN-04-3383996,validation,"Southern District Young Mens Christian Association/ Camp Lincoln, Inc. has been listening and responding to our communities' most critical social needs since 1926. Southern District Young Mens Christian Association supports its communities with neighborhood-based programs and services that annually impact the lives of more than 20,000 residents in Rockingham County, NH, and beyond. Young Mens Christian Association programs build healthy spirit, mind and body for all. Every day, we work side-by-side with our neighbors to make sure that everyone, regardless of age, income or background has the opportunity to learn, grow, and thrive. We improve lives and strengthen character by fostering youth and family development, healthy living and social responsibility. Passionate staff and volunteers deliver the Y's mission through three (3) branches: Exeter Area Young Mens Christian Association, Young Mens Christian Association Camp Lincoln and Young Mens Christian Association School Age Child Care.",1
EIN-47-1347997,validation,To provide religious and spiritual services to the community.,1
EIN-35-1112606,validation,"west-central indiana and east-central illinois schools. economic and applied business education programs that are taught to elementary, junior high and senior high school students in participating west-central indiana and east-central illinois schools.",0
EIN-39-1581135,validation,"We were able to help the needy with food, etc. and provide a $3000 grant to St. Joseph's food program in Appleton, WI",0
EIN-46-3980483,validation,"Our goal is to provide funds to individuals who are struggling financially while battling long term/terminal cancer. We produce bows, wreaths and prayer pens from donated and purchased materials. We sell these items in order to raise money to financially assist these individuals in our community.",0
EIN-20-3894719,validation,"evangeline ministries works especially with poor women who live with hiv and aids to give them skills that will help them earn a living for themselves and their families. almost all of these women come from masiphumelele, an informal settlement in fish hoek in south africa.",1
EIN-20-4461871,validation,"the leadership connection's mission is to support the call, strengthen lives, and improve the skills of ministry leaders worldwide.",1
EIN-26-0254889,validation,empowering young people to face and overcome difficulties of the obstacles and false ideas youth encounter in today's society. providing a wholesome atmosphere in which young people naturally develop a spiritual relationship with jesus christ.,1
EIN-83-0349805,validation,"biogenerator, a 501(c)(3) not-for-profit organization, was created to accelerate the commercialization of life science technologies in the st. louis area by creating and sustaining a formal network to support technology transfer, education and scientific research. biogenerator uses its entrepreneurial, financial, and research capabilities to assist start-up technology based companies and to assist the transfer of new technologies to the market place. biogenerator accomplishes this through: - providing educational advisory services - providing educational opportunities to prospective entrepreneurs - providing proof-of-concept support",0
EIN-27-3272909,validation,"Brave New Software is dedicated to keeping the Internet open and decentralized. We build open source software tools that helps users access an uncensored internet, and create a more open and protected information infrastructure for us all.",0
EIN-13-2768939,validation,"greater centennial homes housing development fund company, inc., (the ""project"") was incorporated in july 1981, as a not-for-profit corporation, incorporated under the laws of the state of new york. (for continuation of mission statement - see schedule o). the project is sponsored by the greater centennial a.m.e. zion church of the city of mount vernon. the principal purpose of the project is to provide housing for low and moderate income families and to demonstrate a continuing committment to managing and preserving a viable source of quality affordable housing in mt. vernon.",1
EIN-59-1282441,validation,"CCC SEEKS TO PROVIDE AFFORDABLE COUNSERLING BY CARING, ENCOURAGING, AND PROMOTING EMOTIONAL WELL-BEING TO INDIVIDUALS FACING LIFE'S CHALLENGES BY PROVIDING BIBLICAL BASED COUNSELING TO EMPOWER PEOPLE TO ACHIEVE EMOTIONAL, SPIRITUAL AND RELATIONAL HEALING. PROVIDES OPPORTUNITY FOR INDIVIDUALS TO RECEIVE SERVICES WHO ARE EXPERIENCING FINANCIAL HARDSHIP, CLIENTS ARE OFFERED 10 SESSIONS UNDER SCHOLARSHIPS. THE CONTRIBUTIONS ALSO OFFERS SESSIONS/SERVICES AT BELOW MARKET RATES. NOTE- We continue conducting counseling virtually as well as operating fully functional in-person.",1
EIN-83-4454249,validation,"the mission of the center is to dignify the family, defend all life, and disciple those we encounter. it is with this mission in mind that we strive to provide a place where everyone can feel comfortable and ask questions and receive information, support and the services needed.",0
EIN-23-2072722,validation,"caring for friends, founded in 1974, is a food bank, prepared meals program, and caring kitchen. our mission is to provide food and friendship to seniors, kids and adults, the homeless and those in shelter in greater philadelphia. we are a volunteer organization supported by a small staff. caring for friends volunteers sort, prepare, pack and deliver six days a week. we provide fresh, frozen and shelf-stable food to faith-based and community organizations to fill their pantries and support their food sharing programs.",0
EIN-92-3227038,validation,"39 North aims to be the agri-food tech/plant science hub that brings together people, resources, and facilities to grow St. Louis' economy and global reputation.",0
EIN-23-2802663,validation,the institute for law and economic policy is a public policy research and educational foundation established to preserve study and enhance access to the civil justice system by all consumers and investors.,0
EIN-81-0623684,validation,Organized an annual event honoring Dr. Martin Luther King Jr.s legacy while raising scholarship funds for high school seniors from underserved communities pursuing higher education. Hosted workshops pastoral training sessions and leadership summits to equip faith leaders with tools to serve their congregations effectively. Partnered with local schools and organizations to mentor at-risk youth provide tutoring programs and offer scholarships to students seeking post-secondary education. Advocated for policies addressing racial equity economic justice and educational access engaging with local government and community stakeholders.Conducted community health Conducted community health screenings mental health awareness initiatives and wellness workshops to support holistic well-being within our congregations.These activities align with our mission by addressing community needs promoting education hereby maintaining our 501c3 tax-exempt status,0
EIN-88-4385022,validation,plurality institute's mission is to support the development and research of plural technologies to amplify the power and value of human cognitive diversity.,0
EIN-54-1598149,validation,animal adoption and care of animals.,0
EIN-16-1107827,validation,provide volunteer fire prevention services to area residents.,0
EIN-81-0288768,validation,"st. john's lutheran ministries is a community of diverse people sharing god's healing presence. our mission is to provide living opportunities within nurturing environments of hope, dignity & love.",1
EIN-71-0933434,validation,"The mission of Cathedral Health & Outreach Ministries, better known in the community as THE BEACON, is to provide services that restore dignity, self respect and hope to the poor and homeless of Houston.",1
EIN-82-2927221,validation,"to establish and oversee a place of worship, teach and preach the gospel to all people, conduct evangelistic and humanitarian outreach, license and ordain ministers of the godspel and to engage in activities which are necessary, suitble, or convenient for the accomplishment of that purpose, or which are incidental thereto or connected therewith which are consistent with section 501(c)3 of the internal revenue code.",1
EIN-63-1151304,validation,fire protection to residents,0
EIN-85-2525369,validation,"the corporation is organized for the charitable and and educational purposes of (i) encouraging college education for students in financial need who demonstrate acacdemic excellence by providing scholarship assistance to high school graduates who attended the cedar grove township, nj public high school and/or st. catherine's of siena private school located in cedar grove, nj and (ii) conducting any other activities and performing any other acts which may be necessary or appropriate for the furtherance, accomplishment or attainment of the above mentioned purposes.",0
EIN-84-3952961,validation,"350 chicago envisions a local and global future in which the worst consequences of climate change are mitigated. every tenth of a degree will prove crucial. keeping global warming below 2c is critical for maintaining ecosystems and the planet's habitability. our mission is to build a sustainable and resilient city by educating ourselves and our communities, engaging with leaders, organizing coalitions to achieve goals, and taking grassroots action. we pursue this vision via an equitable transition to renewable energy, divestment of institutions from fossil fuels, the defunding of fossil fuel infrastructure, and national decarbonization.",0
EIN-45-4383064,validation,"To provide charitable, educational, religious, and other support to improve the quality of life in the Dominican Republic.",1
EIN-20-0146487,validation,promoting quality horticultural practices and materials by providing educational experiences to the greater st. louis region.,0
EIN-61-1523951,validation,"The purpose of the Organization is to provide services and programs to meet the needs of the poor, the homeless and disadvantaged individuals and families residing in Escambia County, Florida. This is done by providing food, clothing and ministering to their spiritual needs.",1
EIN-20-4526894,validation,support the efforts of the gulf coast communities recovering and rebuilding in the aftermath of hurricane katrina and provide low and moderate income families in mississippi with affordable housing.,0
EIN-82-5151918,validation,"ReflectUS is a nonpartisan coalition working to increase the number of women in office and achieve equal representation across the racial, ideological, ethnic, and geographic spectrum.",0
EIN-54-1192424,validation,the institute works as a public education organization that focuses on a wide spectrum of rapidly evolving foreign policy and international issues.,0
EIN-53-0184647,validation,"americans united for separation of church and state is a nonpartisan educational and advocacy organization dedicated to advancing the separation of religion and government as the only way to ensure freedom of religion, including the right to believe or not believe, for all.",0
EIN-13-4239691,validation,"To provide efficient, effective, sustainable, and quality health related services to medically underserved areas of south-central Arkansas in an atmosphere of Christian hospitality.",1
EIN-46-2898128,validation,"to celebrate the 175th anniversary of the founding of the village of teutopolis by promoting family, faith and community and to benefit local community organizations.",0
EIN-98-0120837,validation,"Strategies for International Development (SID) develops, applies, and promotes better methods for eradicating rural poverty. We help small farmers make the transition from subsistence to successful commercial farming. We carryout programs in the poorest regions of Guatemala and Peru.",0
EIN-81-0559149,validation,we are a christian childcare center and teach christian values while caring for our enrolled children.,1
EIN-30-0209776,validation,"to serve the needs of physically and intellectually disabled individuals, in community based environments that are accessible and inclusive, based on the principle that regardless of our physical and mental attributes we all have the ability to learn, to give and to grow. partners in adventure (pia) provides unique experiences to young people with and without disabilities, that help them build personal partnerships while safely exploring, lending a helping hand and learning more about the world and one another. pia accomplishes this by providing fully accessible, adaptive, inclusive and totally non-competitive year-round programming and partnering for teens and young adults with a full range of physical and developemental abilities.",0
EIN-95-4332135,validation,To provide charitable services and scholarships to preceptive students of law.,0
EIN-74-2980967,validation,"The International Behavioral Neuroscience Society (IBNS) was formed to encourage research and education in the field of behavioral neuroscience. Founded in 1992, the IBNS has members from 34 different countries and consist of scientists, clinicians, teachers, and others with a background and interest in the relationship between brain and behavior.",0
EIN-23-7088136,validation,"the organization was created for the specific purpose of fostering and encouraging in the youth of the city of santa clara a spirit of loyalty and faith in american tradition. additionally, the organization attempts to promote the spirit of benevolence.",0
EIN-31-1444572,validation,"To operate exclusively for religious, charitable, scientific, literary or educational purposes within the meaning of Internal Revenue Code section 501(c) (3) by:a. Promoting the interests and welfare of the University of Notre Dame;b. Fostering and continuing the moral, spiritual and intellectual ideals taught and inspired by the University;c. Supporting the University administration in carrying out its educational policies & programs of service for the establishment and maintenance of the University as a leader among American and Catholic Universities;d. Assisting in securing financial support for the needs of the University;e. Lending support to projects and activities of students of the University, including assisting the educational opportunities of these students through sponsorship and support of University scholarship programs, and;f. Developing alumni fellowship and community through the establishment and maintenance of local and regional Notre Dame Clubs.",1
EIN-82-4852361,validation,"To help better the lives of young men through tutoring, mentoring and athletics.",0
EIN-01-0794539,validation,"To develop and support faith-based disaster readiness, response, and recovery services for New York City. In preparation for and in response to disasters, NYDIS convenes its leadership to network with local, state, and national agencies involved in disaster management to facilitate services. NYDIS seeks to mitigate human suffering caused by catastrophes and serve the most vulnerable and under-resourced households and communities affected by disaster.",1
EIN-42-6087943,validation,Conservation Education Salvation Army Food Nahant Marsh Davenport Youth Trap Shooters Long Grove Iowa Fire Department Volunteers Jakes Kids Youth Archery Program State Womens Archery and Shooting Program CASI,0
EIN-23-7316671,validation,"heartbeats is a life-affirming ministry committed to impacting the lives we serve with the love of christ. we will achieve this by: 1. practicing intentional unconditional love of christ to all that come in word and deed. 2. offering practical help and positive alternative choices to abortion. 3. loving the woman well so hope rises in her and she can love her baby to life. 4. providing restoration groups for post-abortive women and men. 5. encouraging, equipping and expanding the tools to create a culture of life in our churches and community. 6. teaching youth about the value of their sexual integrity and the importance of committing to abstinence until marriage. 7. modeling and serving others in the local, state, national and international pro-life communities. 8. purposing to impact our service area to embrace the sacredness of human life across cultural, generational, and ethnic boundaries.",1
EIN-31-1638327,validation,to provide general outreach and assitance to the homeless and needy families in the coastal bend.,0
EIN-27-1185258,validation,"to provide support to assocaiation civil sacred valley project (""acswp"") acsvp's misison is to provide house and educational opportunities to indigineous girls in peru through dormitories and education centers. the organization also raises awareness in the u.s.about the indigineous populations in peru. the program is devoted to empowering and providing support to ingigineous and other marginalized populations of south america in 2017. the sacred valley project spreads awareness about the importance for access to education for adolescent indigineous girls in peru through various events and presentations. presentations allow the student to tell her story about her own struggle for qaulity education and how she persevered to graduate at the top of her class throught the support of the sacred valley project",0
EIN-20-5776584,validation,"(FMD) Transitional House is an outreach effort that is born from the Prison Outreach and Witnessing (POW) ministry of Central Baptist Church (CBC) Kingsport, TN and a partnership with other local prison and community outreach programs. Our mission is to reduce the recidivism of ex-offenders by providing much needed services and support to them and their families as they transition back into the community.",1
EIN-20-2298803,validation,TEACH TEC is a community faith-based nonprofit Center dedicated to providing industry specific training that prepares low income individuals for a career in a specified field to provide self sustaining wages. Our mission is to move individuals to economic self-sufficiency.,1
EIN-46-3031946,validation,we rescue dogs and cats on death row. we give medical care and find them forever homes.,0
EIN-56-2094388,validation,"to monitor and protect the sea turtle population on holden beach, nc.",0
EIN-88-4369630,validation,"empowering youth for a brighter future. providing opportunities for leadership, growth, and community involvement. our mission at a&e racing is to provide training and development for young athletes who have potential to advance to a professional level. a & e racing corp is a motocross program that is based in new hampshire with competitions in the northeast and east coast regions. a & e racing corp is a highly competitive program for youth motocross racers. the purpose of the corporation is to provide funding for aspiring young motocross racers in the new england region who need support with equipment, travel, training, development and mechanics.",0
EIN-47-1291052,validation,"honeymoon israel foundation, inc. connects individuals to their religious heritage through trips to israel. the company expands the definition of jewish life in america and offers enjoyable experiences for people to connect with the jewish community.",1
EIN-38-3183850,validation,Cheboygan Compassionate Ministries offers a hot lunch meal Monday through Friday. It serves eight to ten thousand meals a year. It also offers access to laundry services from 9am to 1pm Monday through Friday. It serves 10 to 12 families a week. Every year Compassionate Ministries has a back pack give away. It gives away 300 to 500 backpacks to school children each year. We began construction of a new facility in October 2021 and have been raising funds to complete the building.,1
EIN-20-2696433,validation,raise monies for st judes children's research hospital,0
EIN-72-0694861,validation,"provide material support to jefferson parish animal shelter in care of homeless animals. financial support to animal trappers in removing strays from feral environment. financial support in spaying and neutering of feral and privately owned cats and dogs in jefferson parish, louisiana",0
EIN-45-3055196,validation,"Fibershed's mission is to provide experiential education that both generates awareness, and teaches the necessary skills within our community to build and sustain a thriving bioregional textile culture that functions hand-in-hand with principles of ecological balance, local economies, and regional organic agriculture.",0
EIN-83-4286562,validation,"EcoTheo Collective exists to create community and opportunities for writers, artists, theologians, and ecologists to come together and make work that reflects on urgent and eternal questions of our relationship to nature, climate change, ecosystems, etc. as well as faith and spirituality.",1
EIN-11-3431263,validation,"lisbac is a community development micro-lender that promotes economic opportunity by providing innovative business growth programs with a strong focus on financial literacy, procurement and startup/small business development technical assistance services for targeted markets of long island. lisbac functions as both a certified development financial institution (cdfi), and a community development entity (cde), with the us department of treasury.",0
EIN-71-0879772,validation,"to stop the loss of women from ovarian cancer by promoting health empowerment, research and awareness.",0
EIN-81-2833673,validation,"to provide a comprehensive, advanced educational resource and disseminator of basic and clinical information dealing with all aspects of the global problem of parasitic diseases that adversely affects peoples around the world.""getting knowledge to the people and places that need it the most.""",0
EIN-23-7162502,validation,to operate exclusively for the purpose of promoting the interest of and cooperating with the administration and faculty of st. mary's residential training school in any manner which will benefit the interest of the school and its students.,1
EIN-14-1413770,validation,"millbrook school is a small, coeducational, college preparatory boarding school where close, nurturing, and stimulating relationships between students and their teachers have been the school's hallmark since its founding. our goal is to promote in each student the intellectual, emotional, spiritual, and physical growth which will lead to a life both individually satisfying and valuable to the greater society.",0
EIN-83-3963026,validation,"to encourage and educate from a biblical worldview, utilizing the written and spoken word, focusing on the sanctity of human life from conception.",1
EIN-87-4150568,validation,"we are looking for students that are ""caught in the cracks- and would otherwise receive very little help and may need assistance to even go to school. also, we are looking for students that are faith based good stewards, respectful in and during fellowship, above a 2.75 gpa, involved in extracurricular activities and active in their communities.",1
EIN-65-1188328,validation,"The World Affairs Council of the Mid-Hudson Valley is a non-partisan forum for citizen participation in world affairs. Its mission is to raise public awareness of the issues that unite and divide nations, people, and major faith communities, and to stimulate interest in a better understanding of important world affairs. We encourage informed exploration of world issues and their relationship and connections to the Mid-Hudson Valley region. The Council offers information about our increasingly complex world through public lectures, panels and debates, and educational and cultural programs. The council also sponsors programs and collaborative efforts to reach high school and college students and teachers. The Council seeks out partner organizations to co-host events. Recent partners have included: The Henry A. Wallace Visitor and Education Center at the FDR Presidential Library, Franklin and Eleanor Roosevelt Institute, Vassar College, Marist College",0
EIN-34-1732696,validation,"to assist the catholic church in fulfilling its mission of evangelization and its call for christian unity. in cooperation with the catholic bishops, the coming home network international was established to help inquiring clergy as well as laity of other traditions return home and then be at home in the catholic church.",1
EIN-84-2008721,validation,"the house tuscaloosa exists to promote and develop literacy in the west end community. literacy is defined as competence or knowledge in a specific area. as such, the house tuscaloosa shall focus on promoting and developing literacy in the following three areas: educational, musical and spiritual.",0
EIN-81-4215209,validation,"country heart farm was established to provide an opportunty by which both humans and animals may begin to heal on a social, emotional, cognitive, spiritual, and/or physical level.",0
EIN-48-0816473,validation,provide services for the elderly,0
EIN-23-7310616,validation,"to establish and maintain a cardiovascular treatment center at methodist hospital, indianapolis, indiana.",0
EIN-80-0382897,validation,"the noble circle project is committed to creating an intimate and caring community of women thriving beyond cancer by bringing hope, inspiration, empowerment and well-being through programs focusing on nutritional education, complementary energy techniques, and peer support.",0
EIN-46-0762992,validation,we equip communities and churches to build lasting relationships with schools and families. our signature 4th-grade program provides a mentor for every 4th grader in the economically disadvantaged schools we serve. students are mentored to be leaders in their school and community.,1
EIN-56-0775776,validation,"the rhine research center is an integrative center for the study of consciousness. we are a hub for ground-breaking research and educational activities on the nature of human consciousness - its reach, its reality, its durability, its healing capacity, and its spiritual dimension.",0
EIN-84-2140418,validation,"intel & law enforcement training services, inc. sole purpose is to create and provide leading-edge high quality investigative training and support services to law enforcement and security professionals via both in person conferences and webinar based training.",0
EIN-52-2407679,validation,"the mission of christian women's job corp is to provide women a nurturing christ-centered environment fostering personal, professional, and spiritual growth enabling women to transform families and communities.hundreds of women throughout mclennan county have become self-sufficient, are continuing their education, and are entering the work force which has improved their lives, their families' lives, our schools and our community. ex-offenders are becoming productive citizens in our community.",1
EIN-20-3676488,validation,"this organization operates exclusively for the benefit, to perform the functions, and to carry out the purposes of the st. louis community foundation, inc. through grant making, conducting research, disseminating information/public education, convening members of the community and other activities typical of a community foundation. in the 12 months ended 3/31/14, we issued 12 grants to various not-for-profit organizations.",0
EIN-32-0332589,validation,"family promise of carteret county is a non-profit organization serving homeless families. assisting targeted families with daily hot meals and overnight accommodations, (with partnering communities in faith).",1
EIN-63-1192877,validation,provide financial assistance to kidney patients for medical needs,0
EIN-45-0255544,validation,"to provide programs and services to empower people with multiple sclerosis through education, advocacy, exercise, counseling, equipment assistance and support throughout north and south dakota and iowa.",0
EIN-94-1187347,validation,"The Transpersonal Institute's Association for Transpersonal Psychology is a membership supported international coordinating organization for the scientific, social, and clinical transpersonal work that serves the world community. The Association's mission is to promote eco-spiritual transformation through transpersonal inquiry and action. Recognizing the reciprocity inherent between our actions and our world, the Association is dedicated to encouraging and enhancing practices and perspectives that will lead to a conscious, sustainable, co-evolution of culture, nature, and society.",0
EIN-20-1122309,validation,"The primary focus of TRM is prison mentoring and aftercare ministry. This dual emphasis involves meeting with and mentoring inmates prior to their release from prison, counseling them, and working to help them make connections with churches and other ministries on the outside.",1
EIN-34-1771506,validation,"further the charitable, educational, and religious purposes of the jewish federation of cleveland including the preservation of jewish cemeteries",1
EIN-82-1424590,validation,HHBBB exists to improve the health in the neighborhood.,0
EIN-86-3314461,validation,"Charitable, food relief, support, help and relief to 250 Christian worker and 300 scholarship for college students",1
EIN-52-1309525,validation,"The American-German Institute is a center for policy research and scholarship dedicated to the most important political, economic, and security issues confronting Germany and the United States in the global arena. AGI anticipates challenges, proposes solutions, and bolsters the German-American partnership.",0
EIN-43-1427062,validation,"to restore, maintain and sustain forest park, in partnership with the city of st. louis, as one of america's great urban public parks for a diverse community of visitors to enjoy, now and forever.",0
EIN-85-0906834,validation,netwell is a nonprofit 501(c)(3) health care sharing ministry (hcsm). our members are our family handled with care and compassion,1
EIN-83-2964566,validation,To offer the community a charitable place to find stability in their mental health and life free of charge if needed To educate the community on the benefits of Equine Therapy for people with mental health disorders such as PTSD depression anxiety and,0
EIN-92-0063045,validation,the mission of the federation of community councils is to assist community councils to involve citizens in the government in the government process at the neighborhood level.,0
EIN-52-1064398,validation,"pva research foundation inc., a non-profit organization founded in washington, dc in 1976, is controlled by the paralyzed veterans of america (""pva""), a national organization chartered by the u.s. congress on august 11, 1971. pva research foundation is operated exclusively for the scientific, charitable and educational purposes for the furthering of technological advances in rehabilitative methods and devices, basic cure, research injury and diseases and other areas beneficial to disabled individuals. the pva research foundation funds neuroscientific research aimed at restoring function and improving the quality of life for paralyzed people. the majority of the pva research foundation's financial, administrative and operating costs are donated free of charge by pva; almost 100% of all funds received by the pva research foundation are spent directly on grants that further its mission.",0
EIN-56-1586870,validation,"seeking to put god's love into action, habitat for humanity brings people together to build homes, communities and hope to realize our vision of a world where everyone has a decent place to live. habitat for humanity of greater greensboro adheres to a strict non-proselytizing policy and will not base an offer of assistance on the expressed or implied condition that people adhere to or convert to a particular faith or listen and respond to messaging designed to induce conversion to a particular faith.",1
EIN-51-0141475,validation,to integrate persons with disabilities and other life issues into the community and enrich their quality of life with choice and independence.,0
EIN-22-3491530,validation,"Animal Rescue and Adoption. Expenses include veterinary care, boarding and foster care, food/supplies, training and transportation. Service revenue is derived from adoption fees required from animal adopters to help defray a small portion of rescue and adoption program expenses.",0
EIN-46-5663737,validation,"The mission of the Coalition Theater is to build an inclusive space where laughter connects people.Through shows, classes, workshops, and community partnerships, we help people find their comedic voice, and give them a safe and welcoming place to share it.",0
EIN-80-0322405,validation,"tree of life ministries provides meaningful educational experiences in spiritual and personal development in low cost or no cost to the general public, local jails and entities who serve low-income families. our mission: the portal school exists to empower individuals to walk in a genuine relationship with the creator while developing their personal identity and discovering their unique creativity. our mission is to equip and deploy creatives who passionately pursue god and partner with him in releasing heavens creative solutions into their god-given spheres of influence to advance cultural transformation.our curriculum is designed to help you:",1
EIN-46-4788128,validation,"To help slow down and reverse the desertification of the Mongolian Grassland Steppes, and to preserve and protect traditional Mongolian culture.",0
EIN-52-1902264,validation,"employment policies institute foundation's mission is to educate policymakers and the general public with respect to the economic and social effects of employment, financial, and government spending policies, and to conduct research with respect to (continued) employment, financial, and goverment spending policies and disseminate the results of such research.",0
EIN-20-2783766,validation,"The Corporation shall attempt to improve the quality of life of the community at large through initiatives focused in the fields of community capacity building, technical assistance to faith based and community organizations in the area of work-life initiatives, family health and safety, at-risk youth, early childhood development, and asset development and establishing collaborations within a described community.",0
EIN-81-1086729,validation,to provide support for the Islamic community within New York,1
EIN-81-0734441,validation,"to provide a training farm with an adjacent clinic, assist servicemembers and veterans to transition, to find purpose and meaning in life and enable them to learn valuable vocational skills to meet the demand for agricultural ownership, employment, or other advanced schooling. facilitate healing for those in need and place those trained on working farms.",0
EIN-68-0151710,validation,"benicia first corp dba main st program was organized to promote the downtown first st businesses by sponsoring, organizing and running various events and fundraisers and running various events and fundraisers",0
EIN-82-3405113,validation,"to assist area food pantries in temple, tx in the organizing and conducting of food drives, fund raisers & benefits, as well as gathering & storing clothing & collecting cash donations for the benefit of individuals and families in need.",0
EIN-47-4773281,validation,"the trust is created and operated exclusively in connection with the supported organization, the city of st. marys, kansas (governmental entity) and engages in activities that would normally be engaged in by the governmental supported organization, specifically for the housing needs of the elderly and/or poor; food programs for those who are needy; scholarships for post-secondary education purposes; and projects of community enhancement of public facilities which have emphasis in aiding the elderly, the young, or the needy, within a radius of five (5) miles of st. marys, kansas.",0
EIN-62-1723393,validation,Mission tripsto Honderus to carry food and medicine and spread the Gospel of Jesus Christ,1
EIN-33-0894225,validation,"grace terrace memorial association (""gtma"") provides people of the christian faith interment rights for the burial of bodies, and religious services in connection therewith.",1
EIN-85-2901322,validation,"Provide pro-life education to the public and churches, equip Christians to share faith and defend pro-life worldview, provide counseling to those considering abortion and expose the abortion industry's injustices to the sanctity of life.",1
EIN-02-0338521,validation,the nbsp;cathedral nbsp;of nbsp;the nbsp;pines nbsp;is nbsp;a nbsp;national nbsp;memorial nbsp;dedicated nbsp;to nbsp;the nbsp;memory nbsp;and nbsp;honor nbsp;of nbsp;all nbsp;americans nbsp;who nbsp;serve nbsp;the nbsp;nation nbsp;in nbsp;the nbsp;search nbsp;for nbsp;peace nbsp;we nbsp;are nbsp;open nbsp;to nbsp;the nbsp;public nbsp;as nbsp;a nbsp;place nbsp;of nbsp;spiritual nbsp;cultural nbsp;and nbsp;environmental nbsp;appreciation,1
EIN-47-2444781,validation,"MuslimARC is an human rights education organization. Our work consists of raising awareness and training Muslim communities on issues of racial justice. In order to uproot racism, we focus on developing and delivering education on internalized, interpersonal, and institutional racism. While the majority of our members are currently in the United States, we stand in solidarity with oppressed people and incorporate global voices because our community is cosmopolitan, reflecting transnational identities with local particularities. In our trainings and workshops, MuslimARC addresses both personal and systemic racism.",1
EIN-95-4079133,validation,the organization's primary purpose is to help individuals find social and spiritual wellness freee from substance abuse and mental health problems.,0
EIN-38-3553346,validation,to provide emergency food for indigent families in the surrounding counties.,0
EIN-58-1828325,validation,"the pig invitational charity, inc. is a non profit charity whose sole purpose is to raise funds to aid local st. tammany parish organizations that care for needy children and seniors.",0
EIN-13-4133458,validation,"provide therapeutic treatment, counseling and social service to developmentally delayed toddlers and children. provide the families with social services.",0
EIN-23-2770841,validation,"the organization provides nine housing units that provide permanent housing for women with behavioral disabilities/ health issues in the city of philadelphia, pennsylvania.",0
EIN-37-1447869,validation,Various program development activities including restorative justice project which is a ministry service to at risk youth; training and consulting service in reconciliation and conflict transformation.,1
EIN-26-1637652,validation,to provide affordable biblical counseling and train lay counselors in offering biblical guidance.,1
EIN-59-3385658,validation,"the organization's mission is to promote and enhance productive employment of individuals in the florida counties of baker, clay, duval, nassau, putnam and st. johns. the board was created to fulfill the duties and responsibilities provided for by the workforce florida act of 1996, the federal workforce innovation and opportunity act and the florida workforce innovation act of 2000, consistent with the provision of job training, job placement and benefit services to the citizens of the six county regions. the governing body of the board consists of board members who are appointed by state and local officials.",0
EIN-23-7000397,validation,to provide educational tours of historical home and grounds including recreated indian village on grounds and sponsored events of a historical nature.,0
EIN-84-1417706,validation,"The Interfaith Volunteer Caregivers envision a community of caring that makes it possible for all older and disabled adults to enjoy independence and quality of life through a network of supported, prepared, and fulfilled volunteers.Drawing from religious, business, civic and individual resources, the Interfaith Volunteer Caregivers work to meet two mutually entwined and equally important purposes. ~ to respond to the ever-growing needs of older and physically challenged adults living in our communities who struggle daily to maintain their independence at home. ~ while providing meaningful opportunities for volunteers of all ages to enrich their lives and live out their faith by helping others.",0
EIN-45-6779912,validation,the purpose of the dowe charitable trust is to provide food and fund the spay neuter program for the humane society of south mississippi.,0
EIN-48-0871376,validation,"the arts council's mission is to advance and promote arts and culture in the wichita community through advocacy, leadership, education, and collaboration.",0
EIN-47-3825104,validation,To enhance our community by providing resources and support to downtown Fresno stakeholders.,0
EIN-80-0835023,validation,"turning point usa, inc. is organized and operated exclusively for educational and charitable purposes in accordance with section 501(c)(3), to empower informed civic and cultural engagement grounded in american exceptionalism and a positive spirit of action. turning point usa guides citizens through development of knowledge, skills, values, and motivation, so they can meaningfully engage in their communities to restore traditional american values like patriotism, respect for life, liberty, family, and fiscal responsibility.",0
EIN-23-2635994,validation,"ShareCare Faith in Action provides free volunteer services to elderly or disabled persons in order to enhance quality of life.ShareCare Faith In Action is an interfaith network of faith communities and the community at large within the Lehigh Valley which provides volunteers to help people who are elderly and/or disabled and are living independently. ShareCare recruits, trains, and enables volunteers from its member congregations and the community to befriend and assist individuals living with disabilities and without adequate personal support. Its purpose is to provide transporting needs, friendly visiting, reassurance calls, shopping, yard work and light housekeeping. Its mission is to provide needed services that will enhance the dignity, independence, and quality of life, for all participants.",0
EIN-46-4546829,validation,"Mission of Mercy Ministries exists to meet the emotional, physical and spiritual needs of those we serve in Haiti.",1
EIN-27-0193640,validation,"The organization addresses practical issues of general surgery and related specialties. It aims to provide clinical, educational and innovative services that will support the facilitation of robotic surgical techniques.",0
EIN-94-2360925,validation,"Family Law Service Center provides legal services to low income families who are victims of or at risk for domestic violence and/or child abuse. These services include dissolution of marriage, child custody, visitation and support, legal separation and guardianship.",0
EIN-73-1038668,validation,WDR helps supply dental healthcare professionals going on short term missions of mercy to serve needy populations with dental care throughout the world. WDR helps supply faith-based inner city clinics here in the US and charity mission clinics overseas with desperately needed dental supplies.,1
EIN-23-7378417,validation,"the principal purpose is to function as an independent, nonprofit research and educational institute to examine and disseminate information concening the impact of psychiatric theory and practice upon personal freedom, liberty and a moral and spiritual conception of humanity.",0
EIN-26-3512448,validation,"to establish, own and administer residential property designed to accommodate the physical, social, spiritual, emotional, recreational and other similar needs of aged persons; develop resources to enhance and support programs for the specialized needs of aged persons; participate, so far as circumstances warrant, in any activity designed and carried on to promote the general mental, physical and spiritual health of the residents of the community served and securing, raising and arranging capital to provide for the development, implementation and support of such facilities, programs and services consistent with purposes of the organization.",0
EIN-83-1027174,test,"our mission is to eradicate diaper need to improve the physical, mental, and economic health of the families we serve.",0
EIN-58-0647764,test,"the pastoral institute offers counseling, consulting and educational resources to care for the emotional, relational and spiritual needs of individuals, families and communities.",1
EIN-58-1298813,test,"the purpose of this ministry is to strengthen the family, to encourage wholesome recreation in an unspoiled environment, to provide a positive setting for learning and growth, and to empower individuals, couples, families and groups to experience renewal with each other and with god.",1
EIN-38-2617257,test,"promoting the sanctity of human life by reaching out with christ's love through our pregnancy resource center, medical clinic, and sexual and relationship educational programs.",1
EIN-62-1220396,test,"ronald mcdonald house charities of memphis offers children with pediatric cancer and other catastrophic illnesses undergoing treatment at st. jude children's research hospital and their families a nurturing, family-centered residential community. the house fosters an environment of hope through support services and child-centered activities that encourage children to be children and keep families together near the care they need, always free of charge.",0
EIN-26-4598587,test,"Bay Area Chaplains meets the spiritual needs of both inmates and staff through a ministry that includes counseling, discipleship, and literature distribution.",1
EIN-38-2182914,test,"to counsel and aid pregnant women who have unmet financial, physical, spiritual and/or emotional needs.",0
EIN-22-2717127,test,"To foster & develop a new world harmony based on spiritual values, & to establish these values in both the individual & society through the study and teachings of Patrizia Norelli-Bachelet; to provide, support & maintain facilities in which said study may be carried on and to see that the fruit of said study be made available to the public through archiving of her yet unpublished work, including digitizing of audio tapes, book reprinting, production of videos, power point presentations, blogs, books & articles distribution, and to support any other means for transmitting & disseminating said study to the public. Collect and distribute donation money to support these endeavors all of which are approved by Aeon Group officers and consistent with Aeon Group's Certificate of Incorporation.",1
EIN-20-2933194,test,"The mission of the Cyanide Poisoning Treatment Coalition is to focus the required attention and resources on the deadly and life long consequences of breathing modern day fire smoke which contains toxic amounts of hydrogen cyanide. In 2017 the Coalition expanded its onsite training program to include cancer, illness and disease plaguing the fire service. New tactical approaches were included in the training to educate firefighters how to reduce their exposures to fire smoke, thereby minimizing their risk of contracting deadly or disabling disease.",0
EIN-46-0870581,test,"he ala hou o ke ola inc. is a christ-centered transitional program for men who are ready to transition into a life of freedom, serenity and purpose.",1
EIN-36-4709999,test,"to support the mission of osf healthcare system, a catholic integrated health care delivery system, through the provision of quality health care services related to research for diagnosis and treatment of brain disorders.",1
EIN-27-3627113,test,"1) to provide educational scholarship for students graduating from st. petronille catholic school, glen ellyn, illinois, who desire to continue their catholic education at benet academy high school, lisle, illinois. 2) to provide donations to 501(c)3 organizations which aid in the prevention of suicide. 3) to provide donations to catholic 501(c)3 organizations.",1
EIN-47-4825349,test,"restorative partners is a non-profit organization that serves people impacted by crime with a continuum of services and programs designed to meet their diverse needs. our professional staff and an army of volunteers offer programs that focus on body, mind and spiritual transformation, incorporate trauma care, address responsibility and accountability, reduce violence and lower recidivism inside the san luis obispo county juvenile hall, jail, and honor farms. additionally, resporative partners provides reentry programs and services to those released from county and state facilities including evidence based ocgnitive behavioral therapy programming, reentry mentorship, parolee drug and alchohol treatment and five recovery/sober living environment homes.",0
EIN-46-1322178,test,"To address needs and provide opportunities for lasting life transformation. For the currently incarcerated, we offer chaplaincy resourcing and volunteer support. For individuals and their families who are currently on probation and/or have faced incarceration, we assist the whole person through the utilization of a community network of spiritual and practical support.",1
EIN-31-6067780,test,to promote and sponsor scientific research in the dairy industry,0
EIN-84-4054310,test,to provide the community availability of low-cost construction and housing improvement materials through the sales of donated construction and home-related items.,0
EIN-86-0174371,test,"to support barrow neurological institute, a department of st. joseph's hospital and medical center, which is in turn a division of catholic healthcare west.",0
EIN-26-0236669,test,"to serve as a community resource for accessible, affordable and responsive health care and related services- include disease prevention, education and research grants, scholarships, clinics and related activities to benefit the greater rhode island community.",0
EIN-26-3898758,test,"To offer individual and group practice, intensive retreats, and the training of teachers and students in Buddhist practices; to create a holistic, sustainable, non-sectarian model of spiritual community.",1
EIN-34-1657171,test,"seeking to put god's love into action, habitat for humanity brings people together to build homes, communities and hope to realize our vision of a world where everyone has a decent place to live. habitat for humanity of mahoning valley adheres to a strict non-proselytizing policy and will not base an offer of assistance on the expressed or implied condition that people adhere to or convert to a particular faith or listen and respond to messaging designed to induce conversion to a particular faith.",1
EIN-93-1406229,test,provide food and dry goods to community,0
EIN-93-0846088,test,"to promote a safe and healthy community in tigard by reducing alcohol, tobacco, and other drug related problems through prevention, education treatment advocacy, and support of state and nationwide prevention efforts.",0
EIN-82-1826593,test,build the capacity of ministries in the areas of social services,1
EIN-26-3306891,test,"religious venue speaking on biblican nature, life skills for family classes, conduct of vacation bible school, and ministry to the elderly.",1
EIN-14-1916238,test,"Shivaji held off the Mogul invaders from destroying Hindu culture in India. Pune is to India, what Boston is to America, 'Freedom'. -Shivaji Museum,Pune India",1
EIN-84-2722209,test,"the bridge lab provides career development programming for the film and television industries with educational opportunities, employment entry points, and advocacy. our programs serve youth and young adults from underserved communities and bridge opportunity gaps between their interests and hard to obtain access, information, and career networks.",0
EIN-33-0250034,test,Birth choice is a Christ-centered organization serving North County San Diego that gives aid and support to women and men who find themselves in an unplanned pregnancy and provides alternatives to abortion. The organization provides EVIDENCE BASED materials to clients and community groups to increase abstinence awareness and decrease the spread of sexually transmitted diseases. Birth choice also provides information and referrals for adoption.,1
EIN-23-7087534,test,"to provide rental of buildings to schenectady county chapter, nysarc inc., an exempt related party.",0
EIN-58-2653169,test,"Go Ministries, Inc. exists to glorify God and advance His Kingdom by fulfilling the Great Commission of Jesus Christ and is dedicated to the ministry of evangelism and discipleship through: the proclamation of the Gospel training and equipping indigenous leaders worldwide teaching and sponsoring evangelism clinics and seminars coordinating overseas mission trips ministries of compassion assisting the local church equip the saints organizing and directing evangelistic crusades",1
EIN-82-5379039,test,"To focus on building or modernizing orphanages, schools and sustainable farming for needy communities; use of faith-based programs and to conduct any lawful business",1
EIN-82-4683756,test,"to provide a holistic, safe, sustainable center that heals, fulfills and empowers the individual and the community by providing services and programs promoting physical, nutritional, emotional, intellectual, environmental, economic and spiritual well-being.",0
EIN-84-1746119,test,"the adalyn rose foundation provides comprehensive and continuous support to families who have lost a baby at any point during pregnancy, infancy, and early childhood.",0
EIN-86-2630652,test,"the purpose of this corporation is to support the welfare of women and children, spreading resources throughout the community.",0
EIN-20-0386393,test,The Saint Augustine's Project Inc. primary exempt purpose is to fund rasie and completed restored two Slave Galleries constructed in the late 1800s. with both the West and east Galleries now restored we are moving on to our next goals which are to establish a museum and to promote African Amercan contributions in the construction of New York City as we now know ot. We have also developed curriculum for elementary and high school levels to support inclusion of the contributions of black people to the history of New York City in their studies. tribution,0
EIN-75-0879754,test,the organization provides support to sutton county hospital district which operates the lillian m hudspeth memorial hospital.,0
EIN-82-0574491,test,"global partnerships (gp) expands opportunity for people living in poverty by supporting microfinance and other sustainable solutions in latin america, where close to 100 million people live on less than $2 a day. gp pursues this mission by partnering with select microfinance institutions that provide microloans and other financial and social services to people living in poverty.",0
EIN-86-3999012,test,The specific purpose of the organization is to advance spiritual and scientific education that will bring us from the information age into the wisdom age.,0
EIN-83-3979466,test,"to actively participate in projects and undertakings designed to be of service to the people of laton, ca and surrounding areas as to foster and promote community betterment",0
EIN-84-0734596,test,"Furthering knowledge, appreciation & conservation of CO native plants Meetings, webinars, field trips, garden tours, native plant sale, bimonthly newsletters, quarterly journal, plant books, research grants",0
EIN-54-1984467,test,"AMSS is an organization whose mission is to provide a forum through which Islamic positions on various academic disciplines can be promoted, with an emphasis on the social sciences and humanities. AMSS has based its activities on the belief that the development of Islamic thought is vital for the prosperity of the Muslim world and for the continuity of the",1
EIN-76-0288615,test,"the organization's primary purpose is to provide a recreational softball program to help girls develop as a whole, which includes moral, emotional, social, spiritual, mental, and physical growth.",0
EIN-81-1590412,test,"to provide educational, vocational and spiritual resources to assist prisoners with reentry into society.",0
EIN-82-4232647,test,Annual Festival for St. Jude Children's Research Hosptial to raise money and awareness for the cure/treatment of childhood cancer,0
EIN-68-0599791,test,"The mission of the organization is to incorporate the gospel of Jesus Christ in stimulating academic achievement and a lifelong love of learning. Students are encouraged to apply christian values in everyday lives by participating in the faith community, respecting the dignity of others and making responsible choices for themselves and their community.",1
EIN-47-5368071,test,to provide sports camps for area youth during summer months,0
EIN-27-1883284,test,"to encourage, educate, equip, empower and sustain those in need in our community and through all the nations by seeking to holistically provide sustenance, physical and spiritual care, shelter, education and counseling to the poor, hungry, displaced, diseased, discouraged and outcast.",1
EIN-30-0121808,test,"The Center for the Study of New Testament Manuscripts (CSNTM), under the umbrella of The Center for the Research of Early Christian Documents (CRECD), exists for the following purposes: 1. To make digital photographs of extant Greek New Testament manuscripts so that such images can be preserved, duplicated without deterioration, and accessed by scholars doing textual research. 2. To utilize developing technologies (OCR, MSI, etc.) to read these manuscripts and create exhaustive collations. 3. To analyze individual scribal habits in order to better predict scribal tendencies in any given textual problem. 4. To publish on various facets of New Testament textual criticism. 5. To develop electronic tools for the examination and analysis of New Testament manuscripts. 6. To cooperate with other institutes in the great and noble task of determining the wording of the autographa of the New Testament.",1
EIN-59-0715928,test,"Society for the Prevention of Cruelty to Animals tampa bay is a 501(c)(3) nonprofit organization that operates pinellas county's only nonprofit for-all animal shelter assisting all animals in need, regardless of species or circumstance, at its 10-acre campus in largo. (continued on schedule o)Society for the Prevention of Cruelty to Animals tampa bay also operates a full-service veterinary hospital in st. petersburg that is open to all pet owners and provides cats and dogs with a lifetime of high-quality care including dental and surgical procedures, diagnostic testing, annual exams, vaccines, and spay/neuter. founded in 1940, Society for the Prevention of Cruelty to Animals tampa bay has cared for millions of homeless, surrendered, and injured animals. for more information: spcatampabay.org.",0
EIN-90-0702671,test,"1. 100Reporters (https://100R.org) exists to ""inform and promote the public's right to know through investigative journalism, adapting traditional tools and standards of ethics and excellence to the new media landscape, and working with whistleblowers and citizen watchdogs to expose corruption and heighten public accountability."" 100Reporters achieves its mission primarily through its network of accomplished journalists experienced in ""deep dive"" investigative projects. Editors both assign topics for investigation and commission articles that journalist may independently suggest to 100Reports. Upon accepting a topic or article, 100Reporters carefully works with the reporter to develop the investigation. Editors refine preliminary drafts, fact-check and legally vet submissions to insure quality. The resulting articles are published on the 100Reporters website (http://100R.org) and on partner sites. To maximize impact, 100Reporters seeks to co-publish stories with other news outlets.",0
EIN-82-2273589,test,"with compassion as our guide, our desire is to help aid the refugee community and create means for them to thrive and flourish.",1
EIN-45-2144870,test,this ministry collects new and used building materials and sells them to the community the corporation will donate material and tools at no charge to other charitable entities such as churches united ministry and habitat for humanity & those low income and elderly who qualify,1
EIN-43-1600603,test,development of small businesses to stimulate economic growth and create jobs and wealth in st. charles county missouri,0
EIN-13-3830057,test,"pat hdfc is committed to providing permanently affordable, supportive housing to low-income households and/or chronically homeless households. the building maintains 20 one and two bedroom apartments for qualifying individuals whose income is less than 50% or 60% of the area median income as determined by hud. supportive housing entails on-site case management services and low rents that enable families to continue living in their communities.",0
EIN-45-3124689,test,"to challenge the key myths underlying the consumption of animal foods while promoting a strong, just, and sustainable plant-based lifestyle.",0
EIN-82-2153231,test,our vision is to reignite the zionist spirit and meet the needs of jewish civilization in the twenty-first century by connecting people around the world through the vibrancy and creativity of contemporary israeli culture.,1
EIN-38-3226896,test,"The mission of the Friends of the St Joe River is to unite a diverse group of stakeholders throughout the watershed in a collaborative effort to protect, restore and foster stewardship of the St Joseph River Watershed as a critical component of the Great Lakes Basin.",0
EIN-23-7331829,test,"to promote cooperation among educational institutions, industries and governmental institutions and agencies with respect to the development, production and distribution of computer-related and/or technology-based educational aids for the engineering profession.",0
EIN-20-5892892,test,"friends mutual health group (fmhg) was founded on the principle of mutual aid provided to quaker organizations. friends mutual health group is guided by the practices and beliefs of the society of friends, foremost being the recognition that there is that of god in all people, and exists to provide access to high quality health care at a reasonable cost to the employees and their dependents of its member organizations while maintaining sound business practices. by doing so, friends mutual health group seeks to be the health plan of choice for any quaker organization, yearly meeting, monthly meeting or friends church regardless of its size.",1
EIN-41-6057644,test,"the institute for ecumenical and cultural research is an independent corporation on the grounds of saint john's abbey and university. the institute provides a residential center for scholars of different religious affiliations and their families to engage in research and dialog with each other, with the fathers and brothers of saint john's abbey, and with the sisters of saint benedict monastery, to dispel religious ignorance and to promote better understanding and harmony.",1
EIN-55-0719264,test,"The Foundation's mission is to identify, evaluate, select, and provide financial support to organizations that fulfill religious, charitable and/or educational purposes. The Foundation strives to improve the quality of life for the poor, the at-risk, and the needy. The Foundation believes in promoting, supporting, and expanding Bible-based Christian values, beliefs, principles, and activities including, but not limited to, making disciples, promoting Bible-based Christian unity and teaching God's Word in accomplishing its mission.",1
EIN-81-4400567,test,"white awake combats white supremacy by focusing on educational resources and spiritual practices designed to engage people who've been socially categorized as ""white"" in the creation of a just and sustainable society.",0
EIN-82-1081795,test,To provide Christian Counseling and ministry for couples getting married. Services include not only pre-marital and post-marital counseling as well as the ceremony itself.,1
EIN-35-1913328,test,"St. Margaret's House is a day center that welcomes women and children who live in economic poverty. The organization provides meals, addresses immediate needs and offers assistance in breaking the bonds of isolation and helping the guests acquire skills to better their lives. The organization's philosophy of shared ownership allows guests to be empowerd by participating in planning and decision making.",1
EIN-23-7442999,test,We provide a part time interfaith minister for the student group Common Bread at the Evergreen State College. This minister facilitates weekly interfaith gatherings to explore various faith traditions and practices.,1
EIN-04-3705568,test,To provide professional Christian Counseling Provided 3832 hours of counseling to 326 individuals,1
EIN-86-1155699,test,"to empower young persons to grow into healthy and productive adults through the development of effective programs for youths, families, and communities including counseling, program development, outreach disaster recovery, and residential support. the wcdc will serve as the community newest resource and service provider for children and families of st. mary parish. the creed that wcdc standards are based on is ""inspiring and empowering adolescents, families and communities one day at a time."" this philosophy is designed around the strategy of building community support, educating and community mobilization.",0
EIN-88-2524201,test,"our mission is to inform and enable our clients by developing a foundation of support to the united states that enriches defense community dialogue, knowledge, and capabilities. our focus is to support sound decision making for future approaches to our nation's most challenging defense problems through research, experimentation, education, and demonstrations.",0
EIN-45-5080297,test,"See Schedule O.To support Wyatt Charter School by acquiring and holding real and/or personal property; helping to operate a public charter school; hold, invest, borrow, loan and administer funds for the School; assist the School in the financing of the acquisitions and development of real and personal property to be used by the School.",0
EIN-91-1249425,test,operatic programs are produced and presented to students in private and public schools throughout the northwestern united states.,0
EIN-26-4156929,test,"to support availibility of ongoing fire and rescue means and operations on the west end of lake vermilion in st. louis county, minnesota.",0
EIN-26-4744884,test,"As CLUE, we educate, organize, and mobilize the faith community to accompany workers and their families in their struggle for good jobs, dignity, and justice. To further the work of building a just and sacred society, CLUE collaborates with over 600 religious leaders and 1200 lay people throughout the Los Angeles and Orange County areas. These congregations represent a broad range of ethnic and denominational constituencies. CLUE engages in Faith Rooted Organizing as a tool for advancing our mission, grounded in our beliefs.CLUE organizes religious leaders and their congregations using a hyper-local model of committees. Our team of faith-rooted organizers addresses worker justice in hospitality, ports, immigration, and a broad range of actions, and brings a moral voice to other select actions aligned with our mission.",1
EIN-91-1514734,test,Book-It Repertory Theatre is a non-profit organization dedicated to transforming great literature into great theatre through simple and sensitive production and to inspire its audiences to read.,0
EIN-59-1882749,test,"We champion justice by enhancing access to the legal system, especially for those whose race, ethnicity, income, age, disability, gender, or sexual orientation pose obstacles. We strive to provide exceptional advocacy, vigorous representation, and effective legal education for the communities we serve.",0
EIN-47-1022972,test,ALL nations sports ACADEMY [ANSA] desires to connect with people through soccer to share the gospel of jesus christ. our vision is twofold: to mobilize christians into service and to reach out especially to the disadvantaged and refuGee communities who are in need of transformation and hope.,1
EIN-85-1024537,test,"inspiration studios provides training and services for persons with special needs, disabilities and/or at-risk behaviors. these services include outlets for personal growth as well as employment. programs should strive to improve quality of life for those receiving services based on the needs of participants.",0
EIN-85-2465430,test,"christian veterinary mission (cvm) serves to challenge, empower and facilitate veterinary professionals to serve others, living out their christian faith through long term missions, short term missions, professional ministry, affiliate ministry and training programs.",1
EIN-02-0568838,test,"Enhance the quality of life for children, youth and families through affordable housing, job training and community involvement",0
EIN-47-1565096,test,"to create, display and maintain the warsaw biblical gardens, featuring plants, flowers, trees, herbs and other features that are related to the bible. to provide a quiet place for the enjoyment of nature, meditation, inspiration, inner reflection and retreat. to provide a place of education, including educational and historical tours, materials and activities. to create, display and maintain beautiful, fragrant, serene, and pleasant scenes representing the diversity of climates found in the holy land.",1
EIN-23-2964173,test,montreux management corporation provides management services for related organizations that provide group homes to disadvantaged youths and a home-like environment to medically fragile children.,0
EIN-92-2246298,test,The Organization's mission is to build a strong network of alumni web3 entrepreneurs blockchain companies crypto investment funds and students to bolster blockchain innovation at Duke University. The organization will focus on using donated funds and grants to fund educational research and engineering initiatives for Duke University students in the blockchain space and the broader web3 ecosystem.,0
EIN-27-3550654,test,"the organization provides housing and support to patients and families who need to travel far from home for medical care due to illness, injury or disease.",0
EIN-41-1744184,test,"to support financially the spiritual, educational and social needs of our catholic community. the foundation fulfills this mission by:1. seeking endowment funds that support its mission.2. helping donors achieve their charitable and financial goals.3. helping parishes, schools, and catholic organizations meet their long-term financial needs.4. providing responsible and effective financial management.5. distributing earnings according to community priorities and donor intent.",1
EIN-47-4744834,test,"provide financial assistance to organizations that operate exclusively for charitable, scientific, literary or educational purposes and are aligned with the mission of the sunrise rotary club of lakewood/rocky river.",0
EIN-84-1437053,test,"seeds of hope charitable trust (""trust"") administers assets, in trust, to be used exclusively for the furtherance of catholic education purposes, including supporting the operations of seeds of hope of northern colorado, inc. (""inc.""). through tuition assistance grants, scholarships, and operating support, trust and inc. (collectively referred to as ""seeds of hope"") support catholic k-8 schools and serve low income, high-minority populations within the archdiocese of denver (""aod"") in northern colorado. by providing scholarships, seeds of hope gives families the choice to send their children to a catholic k-8 school where spiritual, mental, academic, and physical formation is provided. these scholarships address the opportunity gap for low-income families trying to break a cycle of poverty by choosing to attend a quality school. seeds of hope also strives to assist and sustain these catholic communities which support families in all aspects of life. these grants not only allow for pare",1
EIN-77-0203935,test,"nonprofits' insurance alliance of california (niac) is a charitable risk pool whose purpose is to provide affordable, appropriate, stable, and specialized insurance coverages to other 501(c)(3) nonprofit organizations in california and to develop and deliver training and products to assist these organizations to provide their services effectively and efficiently while minimizing the frequency and severity of accidents and injury to others during the delivery of their services to our communities.",0
EIN-85-0378387,test,"alliance for the earth (ae) is dedicated to facilitating the emergence of a global community committed to planetary healing and collective awakening.our mission is served through pilgrimage, ceremony, and visionary partnerships with individuals and communities around the world that awaken and empower our individual and collective understanding of what it means to be a sacred vessel in the service to the earth.ae nurtures into action the visions that arise out of sacred practice and facilitates a pathway to local organizational sustainability. the program at the heart of our work is the earth treasure vase global healing project. current partnerships include the liberia peace hut alliance for conflict transformation and the hero women of congo.",1
EIN-91-1439481,test,"We gather people who seek to connect their faith, life, and work in the richness of community, sending them into our changing society with a renewed sense of calling. As a Christian-based center, we host and serve individuals, families, churches, and non-profit groups.",1
EIN-27-2018391,test,"Reduce the incidence of sudden cardiac arrest in teens and young adults, particularly athletes, by providing affordable cardiac screening and raise awareness that sudden cardiac arrest is preventable. We work mostly in schools across six states: Texas, Florida, Louisiana, Oklahoma, Michigan and Washington.",0
EIN-86-1182877,test,"To extend the healing ministry of Christ to those in need, through aid to the spouses of fallen first responders, mission trips and activities, and other charitable programs.",1
EIN-38-4123562,test,to provide funds for charitable activities within the lawrenceburg rotary club surrounding communities,0
EIN-36-6111439,test,"the musicians club of women was the nation's first women's musical club. it is a consistent supporter of women in music. it has offered this support to established artists as well as to young, talented women to encourage them along the way to professional careers.",0
EIN-64-0866632,test,to provide a means for individuals to pool their resources to provide financial assistance to various charitable organizations and ministries.,1
EIN-81-2515402,test,"youth for tomorrow foundation was established exclusively for charitable, scientific and educational purposes by providing guidance, services, and support exclusively dedicated to the charitable mission of yft-the aiding and offering children in crisis with a quality education, re-direction of their personal behavior, strengthening their mental and physical fitness, enhancing their spiritual commitment, and reuniting children with their families.",0
EIN-45-5094420,test,"Provide a center for health education, medical, mental, spiritual health, and other training services to those interested in health and wellness and physical preparedness in our local community in Missouri and extending to the four corners of US and beyond.",0
EIN-37-2030293,test,to nbsp;seek nbsp;and nbsp;save nbsp;the nbsp;lost nbsp;and nbsp;individuals nbsp;needing nbsp;spiritual nbsp;assistance nbsp;in nbsp;our nbsp;local nbsp;urban nbsp;area,1
EIN-21-0634476,test,"to own, maintain, conduct and operate an institution for the purpose of dispensing charity, promote social life and progress, to foster jewish principles and educate youths in the history, principles and religion of judaism; to maintain a social center for recreation, education and physical, mental and spiritual development.",1
EIN-02-0743652,test,"The purpose of By the River is to provide affordable housing in a sustainable manner for economically challenged elderly persons of diversity in a community atmosphere. By the River aims to secure the freedom of its residents to make independent decisions about care, to enjoy dignity and privacy and to celebrate their faith according to their own traditions. By the River empowers staff members with the training and support they need to provide compassionate care to its residents.",1
EIN-45-3032246,test,"baptist clinical research institute, inc. engages in and facilitates medical and scientific research and educational activities in clinical areas.",1
EIN-47-1179873,test,"the oasis of kingsport is a christ centered not for profit outreach program for women. through our programs and services, we seek to enhance the dignity of our guests, encourage healthier choices, and find their path to self-sufficiency in a christ centered way.",1
EIN-90-0386111,test,"we are the school Parent Teacher Organization for robert e willis elementary school. we plan fundraisers throughout the year to benefit the school, staff and students.",0
EIN-47-0761023,test,to provide residential housing facilities to the elderly.,0
EIN-30-0537874,test,"The mission of the organization is to use donations to protect and improve the properties and grounds of the First Unitarian Church of Philaldelphia congregation, located at 2125 Chestnut Street, Philadelphia, PA. This includes but is not limited to the restoration, renovation, preservation, upkeep and upgrade of its properties grounds.",1
EIN-83-2013325,test,"pay it forward community foundation supports the necessities of children in need who reside in macomb and st. clair counties. these necessities include, but are not limited to, food, clothing, supplies and education. by working together we are able to collect these goods and services and bring them directly to those children in need.",0
EIN-81-2767849,test,"faith fund ministries is an organization that seeks to encourage, influence, coach, mentorand fund ideas for people of faith to succeed and overcome challenges in business. the goal is to invest in business related ventures to create a 'multiplier effect' which will encourage businesses to pay if forward. by funding these ideas, the organization can influence, coach and mentor people so they can ""do more good; a forcemultiplier for christ.",1
EIN-95-4287296,test,providing needed medical services to the community,0
EIN-84-6110279,test,educational youth activities - rodeo,0
EIN-27-4019540,test,4 Kids 2 Kids is a non-profit working with young victims of commercial sexual exploitation and sexual abuse trauma in a residential facility.All of our homes work with adolescent clients struggling with addiction and co-occurring mental health disorders.,0
EIN-95-4414031,test,to raise funds to support the operations of the los angeles jewish home.,1
EIN-46-4597490,test,"Restore hope by providing a safe home where women affected by human trafficking and sexual exploitation can find support, community, and healing. Islands of Hope Dream Center provides survivors of human trafficking a Christian home-like environment to live and transition into healthy lifestyles. Following Christ's example by assisting in the healing and empowerment of women, we work with residents to help them change their lives and prepare them to go out into the world as confident people of good character. Islands of Hope Dream Center is a place of new beginnings where freedom is granted and souls are healed.",1
EIN-22-2485414,test,"Organized to save lives, suppress and control fire, mitigate certain situations, promote fire prevention and other activities deemed in the best interest of the citizes of the Town.",0
EIN-87-4124832,test,"to witness and demonstrate the gospel of jesus christ through music, drams, community service through out northern indiana",1
EIN-87-1049306,test,the organization provides emergency medical services to the general public.,0
EIN-46-2500390,test,"We are pleased to introduce Medical Solidarity (MS), a US-registered 501-c-3 non-profit organization, authorized by the Senegalese Government as well as the Ministry of Health and Social Action, MS mission is to provide quality health services including Women and Children care.",0
EIN-47-2847067,test,"the dulles south food pantry's goal is to alleviate hunger in loudoun county by soliciting, collecting and distributing food through a food pantry based within the dulles south community that is supported by a network of multi-faith institutions and community organizations. donations to the dulles south food pantry are tax-deductible.mission: we are a multi-faith dulles south area emergency food pantry. we provide nutritious food, personal supplies and other services to those in need in dulles south and the surrounding area who come to us regardless of income, faith or other criteria. we are an all volunteer organization focused both on feeding the hungry and promoting the self-sufficiency of those we serve.",1
EIN-20-4247385,test,The Metamo4ic Math Center motivates and educates children in the St. Louis Metropolitan Area to develop an appreciation of mathematics and gain deeper understanding of mathematical concepts and learn about how math works.,0
EIN-46-4729005,test,"we serve families who have fallen upon tough times, through no fault of their own. best christmas ever, inc. (bce) partners with local leaders and businesses to bless each bce family with a custom and unique best christmas ever, tailored to the family situation. bce provides continual support to families following their bce, through our foundational bce family pillars.",1
EIN-48-0947658,test,faith based marriage and family counseling,1
EIN-36-4291606,test,"hillside health care international (hhci) is a faith-based, non-profit organization dedicated to serving god by providing health care and disease prevention to the people of southern belize. hhci is devoted to improving the belizean quality of life through medical care, health education, and community outreach. hhci promotes healthy global attitudes by offering a culturally-rich educational program for the medical volunteers that challenges them to better understand their role in international health care.",1
EIN-33-0082011,test,"to operate pregnancy testing centers, to maintain and operate a home for unwed mothers-to-be, and to maintain and operate a home for women at risk who may or may not be pregnant, and may or may not have children.",0
EIN-51-0201974,test,"st. anthony's hospital auxiliary, inc. is an organization of volunteers who donate their time and efforts in various areas of st. anthony's hospital activities. their primary mission is to aid, support and assist st. anthony's hospital in furthering the charitable and educational activities of the hospital and to conduct business consistent with the purpose and mission and the franciscan sisters.",1
EIN-23-2171417,test,"to improve the physical, spiritual and emotional health of the alcoholic and chemically dependent person and their family through an integrated system of addiction medicine, nursing and counseling services based on a balanced program of patient care, education and performance measurement. i. general program service information marworth, a 501(c)(3) not for profit corporation, owns and operates a facility for alcohol and chemical detoxification and rehabilitation. marworth provides services without regard to the patient's ability to pay. marworth provides both inpatient and outpatient care at its 91-bed facility near scranton, in waverly, pennsylvania, which opened in 1982. the bed capacity increased from 77 to 91 in january 2006. on may 16, 2012 marworth celebrated its 30th anniversary with the dedication of a new dietary wing and fitness center. the 2.2 million addition included a new 5,000 square foot dietary wing to better accommodate marworth patients. marworth's activities include",0
EIN-27-0295842,test,"members of the 100 work with students to improve their academic performance and focus on literacy in math and reading. our goal is to increase their success rate for graduating from high school through various workshops and curriculum that reinforces academics, attendance, and good behavior both in school and within the program. as an added component, our dedicated and caring mentors plant seeds of success by exposing them to events and activities that help them devlop and exercise social skills, etiquette, and mutual respect for others. the program runs parallel with the school year for 15 weeks, every 2nd and 4th saturday.",0
EIN-74-2572242,test,"the objectives and primary purpose of wisconsin swimming, inc. (wisi) shall be the education, instruction and training of individuals to develop and improve their capabilities in the sport of swimming. wisi shall promote swimming for the benefit of swimmers of all ages and abilities, in accordance with the standards, rules, regulations, policies and procedures of fina, usa swimming and wisi and its articles of incorporation.",0
EIN-81-0744425,test,"PRAI exists to spread awareness of neuroimmune disorders, advocate for patient care and support data-driven research that will ultimately lead to effective treatments and cures for these disorders.",0
EIN-90-0454516,test,"Our mission is to provide a means by which Catholic men could support the Catholic Church, provide financial protection to protect their families and engage in works of charity to benefit the less fortunate",1
EIN-86-1232502,test,"providing temporary shared community and transitional housing accommodations for individuals who are (1) living in a drug and alcohol-free environment, (2) receiving medication-assisted treatment or (3) experiencing housing insecurities.",0
EIN-76-0811448,test,"primarily the care and adoption of greyhounds, facilitating greyhound adoption - involving health/veterinary services for injured/sick dogs, and transport to move the dogs from race tracks to adoption groups who care for and arrange for adoption.",0
EIN-53-0212445,test,"the jewish federation envisions an open, connected, and vibrant jewish community that cares for each other, fosters jewish learning and journeys, embraces jewish peoplehood and israel, and acts as a force for good in the world. (see schedule o)we mobilize people to address the most critical opportunities and challenges facing our diverse and growing jewish community. we empower and inspire community builders, leaders, and organizations to connect with purpose -- joining together to build a strong and vibrant jewish future.",1
EIN-84-3987393,test,"aaym is a not for profit organization on physicians, researchers, medical professional and practitioners of yoga and meditation.the organization is dedicated to education, learning and research on the use of yoga and meditation to make our planet a better place to live. it fosters an interdisciplinary approach linking science, arts, ethics, community, spiritual and sacred to enable humans to achieve the highest goals.the organizations activities include residential courses, meetings and conferences on meditation and, in addition, provides an opportunity for scholars, researchers, artists, educators, writers to do projects related to scientific analysis of yoga and meditation on human body and the society.",0
EIN-80-0643646,test,To support the activities of the students in the Memorial High School Band.,0
EIN-52-2061398,test,Byte Back's mission is to improve economic opportunity for low-income residents of the Washington DC area by providing computer training and employment readiness skills.,0
EIN-14-1701597,test,"we, st. peter's health partners and trinity health, serve together in the spirit of the gospel as a compassionate and transforming healing presence within our communities. founded in community-based legacies of compassionate healing, we provide the highest quality comprehensive continuum of integrated health care, supportive housing and community services, especially for the needy and vulnerable. capital region geriatric center, inc. is a member of st. peter's health partners and trinity health.",1
EIN-46-4836561,test,"to offer spiritual guidance to prospective parents and their families who are confronting and dealing with the physical, emotional, and social issues associated with pregnancy and to encourage these parents to choose life.",1
EIN-82-4558303,test,Religious services and community support,1
EIN-35-2046656,test,"to advance, promote, and support studies and research of the social, economical, political, sociological, and religious traditions of the era during which jesus lived and carried out his ministry.",1
EIN-88-3425165,test,"achieve greatness was founded in memory of our beloved son, brother, and friend, andrew, who passed away from fentanyl poisoning in march of 2022. before andrews passing, he was passionate about coaching and teaching basketball while helping youth in his community. he created achieve greatness, where he mentored youth through basketball. in his memory, we have continued achieve greatness, building it into a nonprofit organization. our mission is to continue to capture andrews vision of sponsoring youth through basketball camps and other sports while also bringing awareness to and educating people about the dangers of fentanyl. in addition, we will also utilize our platform to address opioid use and addiction in our communities. andrew was raised in ludlow and new bedford, massachusetts, and his family continues to have strong roots in both communities. therefore achieve greatness will host and attend community events statewide. through these activities and sports camp sponsorships, we",0
EIN-87-2652820,test,We exist to equip leaders and empower underserved communities for the spiritual and social renewal of the City of Detroit.,0
EIN-06-1265383,test,"see schedule omary buel memorial, incorporated is a ct non-stock membership corporation organized exclusively to benefit, perform the functions of, carry out the purposes of, and uphold, promote and further the welfare, programs and activities of connecticut junior republic association, incorporated. mary buel memorial, incorporated provides overall direction and control over connecticut junior republic association, incorporated, cjr fund, inc. and buel real estate, inc. which are a related group of not-for-profit corporations formed to benefit and assist in the mission and purposes of connecticut junior republic association, incorporation. mary buel memorial has been granted income tax exemption under section 501(c)3 of the internal revenue code and has been classified as a supporting organization under section 509(a)(3).",0
EIN-91-1228395,test,"community service: the foundation provides grants to community welfare agencies, and scholarships to high school students, and grants to promote health, education and standard of living within and outside the u.s.",0
EIN-47-3272024,test,"The Every Woman Global Coalition is advancing a grassroots-driven international treaty to prevent violence against women and girls, while supporting on-the-ground activists. We are working to advance a global treaty to prevent violence against women and girls, built on the remarkable successes of proactive treaties and national domestic violence reform.",0
EIN-04-2910698,test,"to provide conflict resolution services including mediation, arbitration, training, facilitation, education and research for governmental agencies, court systems, organizations and individuals in the new england area.",0
EIN-53-0227814,test,"in september 1909, nine jewish washingtonians established the hebrew free loan association of greater washington. rooted in the traditional concept of ""gemilut chasadim"" - performing deeds of loving kindness - this hebrew free loan association has grown over the past 100 years to an organization which serves the entire metroplitan washington jewish community. a few thousand washingtonians, including mony successful and prominent members of the jewish community, have been beneficiaries of our loan program. over the years, the types of borrowers and needs of the community has changed. initially, we helped immigrants from europe, and then local businessmen struggling to survive during the depression. in the sixtiesithe association loaned money to store-owners to rebuild after the riots in downtown washington. recently, we have been assisting jewish immingrants from russia, israel and other parts of the world to establish themselves in the washington area. today there is an increased deman",1
EIN-46-5588534,test,"next life foundation's purpose is to promote and sustain christian vocational training in mbuguni, tanzania. there are 28 tailoring students and 4 carpentry students that require fabric, needles, thread, wood, glue and transportation of these supplies to the village, etc. wages are paid to two teachers, three administrators and a cook. an attorney is kept on retainer in country. community outreach is provided each month as needed for illnesses and other severe needs as the tanzanian staff approves. development of a new campus began in early 2021. a two-classroom building and a restroom were completed in 2021. a third classroom has recently been completed and a well hand dug. the american board approves financial reports of how funds were spent by the tanzanian board and provides funds based on itemized monthly expenses.",1
EIN-27-3788345,test,"the purpose of the organization is to raise money for cancer research. the most significant activity for the year will be the sponsoring a tennis tournament. the date of the tennis tournament had to be moved to october 2014 since the tournament could not be held in march (as it had been in prior years). the net proceeds of the tennis tournament are to be donated to st. jude hospital in memphis, tn and to the mitchell cancer institute in mobile, al. during the event, many individuals and businesses will donate money because they know the proceeds are to be donated to the st. jude hospital in memphis, tn and to the mitchell cancer institute in mobile, al.",0
EIN-45-4955787,test,"the zone afterschool program is a proactive, community-based, after-school program targeting 7th-12th graders in norfolk, ne. the program's mission is to promote the physical, mental, emotional, social and spiritual well- being of adolescents. the afterschool program focuses on 6 program areas; education, enrichment, health and wellness, community service, leadership and special activities. the ultimate goal of the program is to motivate youth who lack resources to graduate from high school and develop into healthy and productive adults.",0
EIN-35-6053701,test,"the mission of the alpha xi delta foundation is to create opportunities for alpha xi delta fraternity members to ensure enduring resources so the fraternity can fulfill her mission. as part of its mission, the foundation will support the fraternity's educational and leadership development programming; provide and continue to expand scholarship, grants and member support funds; and encourage philanthropy.",0
EIN-23-7169186,test,Child Evangelism Fellowship is a Bible-centered organization composed of born-again believers whose purpose is to evangelize boys and girls with the Gospel of the Lord Jesus Christ and to establish disciple them in the Word of God and in a local church for Christian living.,1
EIN-26-3721160,test,"We provide capacity building services, training and education to faith-based organizations and community nonprofits.",1
EIN-63-1186365,test,"alabama arise is a statewide, member-led organization advancing public policies to improve the lives of alabamians who are marginalized by poverty. our membership includes faith-based, community, nonprofit and civic groups, grassroots leaders and individuals from across al.",1
EIN-31-0896539,test,"The Res is a 23-acre youth camp and nature center located on the east side of Mishawaka, Indiana. Surrounded by urban uses, the heavily wooded grounds are habitat to a wide variety of birds, animals, and wild flowers. Originally founded in 1920 as a Boy Scout Reservation, ""The Res"" is now owned by the non-profit organization. Our meadow, lodges, and cabins are available to rent for events, including field trips, weddings, church services and retreats, graduation parties, reunions, baby showers, family holidays, youth camping programs, and more. Overnight cabin and tent stays are for youth groups and member families only. Our trails are open to the public, unless the property is closed for an event.",0
EIN-38-3740913,test,"Texas Fair Defense Projects mission is to fight for a criminal justice system that respects the rights of low-income Texans. We envision a new system of justice that is fair, compassionate, and respectful. Through impact litigation, legislative advocacy, and education, we are working to end counterproductive, costly, and unconstitutional practices like jail time for traffic tickets and our broken money-bail system.",0
EIN-83-1272338,test,"Enhancing the quality of life for the people of the village of Kassunga, Uganda, neighboring villages and the Catholic Diocese of Masaka, Uganda, including supporting a school called St. Teresa's Learning Center",1
EIN-20-8691236,test,"cumberland center is a nonprofit university-business alliance to transform innovation into prosperity through the growth of regional innovation hubs.the center executes its mission through the global action platform, a neutral platform to create abundance through innovation in food, health, and prosperity by: - advancing a social leadership movement; - investing in innovation and new businesses; - deploying on-line work groups, partnerships, and global communication to accelerate action; and - focusing on the intersection of food, health and prosperity",0
EIN-46-2179824,test,"organization's mission is to raise and solicit funds to be distributed through grant mechanisms to support unrestricted brain tumor research at the preston robert tisch brain tumor center and the preuss laboratory for brain tumor research at duke university medical center of durham, nc.",0
EIN-20-2942970,test,Relational Tithe dba Common Change seeks to eliminate personal economic isolation by facilitating collaborative giving through the pooling of money by people to share with others in need.,0
EIN-82-3605480,test,financial support for addicts and their families.,0
EIN-46-3636444,test,operates a youth baseball program comprised of several teams that participate in the aau baseball league.,0
EIN-76-6046296,test,"THE TRUST was ORGANIZED AND OPERATED TO PROVIDE A SELF-INSURANCE FUND FOR THE PAYMENT OF PROFESSIONAL LIABILITY LOSSES AND COMPREHENSIVE GENERAL LIABILITY LOSSES OF ST. LUKE'S EPISCOPAL HOSPITAL. During 2010, the remaining inactive Trust fund assets were transferred to St. Luke's Episcopal Hospital. A FORMAL MISSION STATEMENT was NOT ADOPTED.",0
EIN-46-3845002,test,"Ocean County Long Term Recovery Group, Inc. (the Organization), located in Toms River, New Jersey, was formed in the aftermath of Superstorm Sandy to assist in the local recovery efforts throughout Ocean County, New Jersey. During the year ended March 31, 2017, the Organization undertook an initiative to expand their disaster preparedness services and recovery efforts to areas outside of Ocean County, New Jersey. The purpose of Ocean County Long Term Recovery Group, Inc. is to maintain a network within and on behalf of faith-based, non-profit, governmental, businesses and other organizations and agencies which will provide disaster preparedness services and a coordinated recovery effort to the victims of disasters. The Organization strives to strengthen and streamline disaster coordination, wherever such coordination is needed, by sharing information, facilitating resident access to and dispersal of resources and services, coordinating recovery efforts with federal, state and local aut",0
EIN-46-1597137,test,Short Term residential program for children,0
EIN-46-4630697,test,Provide opportunities for at risk youth to build go-karts and provide gospel mentorship.,1
EIN-41-2067130,test,Help women mentor to women through Jesus Christ teaching.,1
EIN-94-2966836,test,"support and protect churches and related church ministries within the united church of christ and other denominations in formal covenant and in full communion with the united church of christ, from financial loss by offering property and casualty risk and insurance management services.",1
EIN-16-1518379,test,"to provide support, including a physical location, for the adolescent residential treatment at rose hill program of st. joseph's rehabilitation center",0
EIN-31-1758810,test,to promote the programs of kiwanis club of alameda west- sponsored youth programs,0
EIN-23-7227148,test,"Frontline Outreach is a Christ centered ministry serving urban youth, their families and committed partners. We strive to spiritually equip and academically prepare tomorrow's leaders with a vision of success and community service.",1
EIN-48-1104490,test,"To support all aspects of the Catholic faith in the Roman Catholic Diocese of Salina by developing, managing, growing, and granting funds using Catholic values, honoring the donor's intent.",1
EIN-20-0903720,test,"the primary exempt purpose of emet association is spiritual guidance and education through classes, retreats and meditation along with charitable giving.",1
EIN-45-3054704,test,"It is our mission to educate, integrate, and create live theater arts in and for the community of Southern California.",0
EIN-93-3381308,test,The Lilly and Blair Foundation is committed to improving the lives of children battling de novo spastic paraplegia - a swift and severe neurodegenerative disease - through collaboration with top scientists and funding of promising research.,0
EIN-46-0429069,test,christian mission provides support for christian television station and missions in mongolia,1
EIN-33-0798804,test,"we are a nonprofit social impact organization specializing in neuroscience and education research. we created st math, a pre-k 8 visual instructional program that leverages the brain innate spatial-temporal reasoning ability to solve mathematical problems. educators use this program to deeply engage, motivate, and challenge students toward higher achievement. in addition to providing students with a solid foundation in math, mind research institute aims to prepare them to become part of the stem workforce the future needs.",0
EIN-58-1343371,test,"It is the purpose of this corporation to provide ministry, printed material, Bible study coursees, and any material deemed necessary to reach any man, woman, boy, or girl anywhere as God provides and directs.",1
EIN-55-0840753,test,"disaster chaplaincy services (dcs) is nonsectarian organization whose purpose is to assure skilled and appropriate interdisciplinary spiritual care for all people affected by disasters in the new york tri-state area. dcs does this by recruiting, screening, orienting, training, educating, deploying and supervising chaplains on behalf of the religious communities of the tri-state region.",1
EIN-68-0151867,test,The primary purpose of the Council is to develop and promote child abuse prevention programs in Shasta County,0
EIN-81-3420152,monitor,"The JDDA Foundation has been organized to assist christian missionary kids, whose parents have made personal and financial sacrifices to serve the Lord all over the world.",1
EIN-20-0371520,monitor,"The mission of the Newtowne Players is to promote all aspects of the performing arts in Southern Maryland. We provide an outlet for people in the community who are interested in theatre in any capacity at all. Whether their interest is performing, directing, writing, make up, costume design, or technical support, we provide opportunities for all through education, growth, and hands on experience of working as a volunteer in any of these areas of theatre. In the process, we provide quality entertainment to the surrounding communities. Our goal is to foster, promote, and increase the public knowledge and appreciation of the arts and cultural activities in St. Mary's County and Southern Maryland, and to make live theatre affordable and available to as many members of the surrounding communities as possible.",0
EIN-06-1256949,monitor,"students are at the heart of our mission. the purposes and objectives of the hartford art school endowment, inc. are to monitor and assist the university of hartford in the conduct of the hartford art school as a first quality, fully accredited professional school of fine arts, and further to promote and encourage the study and practice of fine arts and any related studio disciplines which in its' opinion are necessary, valuable and pertinent to the curriculum of such a school.",0
EIN-94-2722091,monitor,to provide christian education to students from preschool through high school,1
EIN-43-1681768,monitor,"greenway network is a grassroots volunteer based organization. our mission is to conserve natural resources, encourage sound management of areas watersheds and protect the quality of life for the residents of the greater st louis area.",0
EIN-62-6041526,monitor,Organizes hikes in East Tennessee region Performs trail maintenance on the Appalachian Trail in the Great Smoky Mountains National Park and Nantahala NF Promotes conservation and wilderness preservation of East Tennessee Region,0
EIN-47-3560175,monitor,"Dog rescue and adoption organization with a specific focus on dogs facing euthanasia due to their placement in high kill shelters, overpopulation, abuse, and neglect.",0
EIN-81-5205101,monitor,"Our mission is to improve the quality of life of displaced animals in Ouachita Parish by providing a modern shelter that encourages active community involvement and support, while promoting education and actions aimed at reducing the population of displaced animals.",0
EIN-94-2820673,monitor,we commit to empowering and equipping women and men to choose life for their unborn children through the love of jesus christ in accordance with his word regarding the sanctity of human life.,1
EIN-04-3398374,monitor,"The Sisters of Providence Health System, Inc. (""SPHS""), is a community of persons committed to being a transforming, healing presence within the communities that we serve. We believe in the sacredness of human life, in the innate dignity of each person, and that it is in relationship with one another that all persons realize their fullest potential. In our service we are sustained by an unwavering trust in God's Providence. The Sisters of Providence Health System, Inc. is a member of Catholic Health East (""CHE"").",1
EIN-20-5774723,monitor,"Adventist Health System Sunbelt Healthcare Corporation and all its subsidiary organizations were established by the Seventh-Day Adventist Church to bring a ministry of healing and health to the communities served. Our mission is to extend the healing ministry of Christ.The filing organization and healthcare system whose parent is Adventist Health System Sunbelt Healthcare Corporation is known as AdventHealth. AdventHealth seeks to be widely respected as a consumer-focused organization that engages individuals in their health by delivering wholistic, best practice care across a connected, comprehensive continuum of services. With Christ as our example, AdventHealth cares for and nurtures people: our employees, our communities, our healthcare professionals, and those who trust us for care and healing.",1
EIN-83-1450978,monitor,"in 2021, thie ministry worked to rehabilitate individuals struggling to overcome drug addiction, in cooperation with the local and state courts and probation officers, to provide transitional assistance for these individuals after they have served their prison sentences. 24/7 ministries strives to produce mental, emotional, spiritual and financial healing upon introducing these men and women back in society. in 2021 26 individuals were served and mentored.",1
EIN-45-2496842,monitor,"Profectums mission is to provide DIR education and training for practitioners, educators, and families, connecting them to the critical resources needed to maximize the development of neurodiverse individuals with autism and other developmental and mental health challenges. Together, we work across disciplines to convene people, disseminate information, and build community.",0
EIN-26-1582131,monitor,"our mission is to provide support and encouragement, by showing gods love through the embrace of the body of christ, for families who have begun the journey of battling their child's cancer.",1
EIN-59-3667831,monitor,"organized to fund, promote & conduct scientific research in the molecular pathogenesis of head, neck and oral & maxillofacial cancers by studying the genes & corresponding proteins that are abnormally expressed in these cancers. also to promote the awareness, prevention & early detection of these cancers.",0
EIN-20-1014851,monitor,"To provide broader recognition of the State's top achievers in medicine, engineering and science, and to build a stronger identity for Texas as an important destination and center of achievement in these fields.",0
EIN-26-0844060,monitor,"to assist men to deal with substance and alcohol abuse or any life causing problems, functioning in a free, non-profit christian organization as in a live in setting.",1
EIN-77-0503388,monitor,"to provide a common meeting ground for police, citizens and youth of watsonville in the area of sports, educational, and recreational activities in order to foster and encourage said youth faith in american principles and in the tradition of sportsmanship, goodwill and friendship.",0
EIN-83-0458898,monitor,"the purpose of the christian youth corps, inc is to provide guidance, instruction and character development to young people through community improvement projects and social opportunities.",1
EIN-45-5487581,monitor,"create prevocational training and business skills development in the community for people with intellectual and developmental disabilities with the intention of empowering them to live more independent, purposeful, and meaningful lives.",0
EIN-13-3729133,monitor,"to provide direct services, support, and care for all qualified participants in the sport of dogs who are suffering from a life threatening or terminal illness and are in need of financial assistance for medical treatments, prescriptions, funeral expenses and daily living expenses.",0
EIN-81-4043063,monitor,to minister to the spiritual phsychological mental and educational needs of all people focusing more on the people of sub shara africa and india to promote christian belief in god.,1
EIN-92-0085663,monitor,"the mission of the glory hole is to provide food, shelter, and compassion to those most in need in order to help them achieve physical and spiritual well being.",1
EIN-20-0458814,monitor,"community housing solutions' mission is to make guilford county homes warmer, drier and safer by providing repairs and ownership opportunities to low-income homeowners.",0
EIN-82-0635774,monitor,"the purpose for which the organization is for the promotion and education of safety measures that should be paracticed by the motoring public and professional repsonders; such as educating motorists on safe driving habits and slow down-move over laws, and educating first repsonders, police, tow truck operators, ect., on critical safety issues when working highway incidents.",0
EIN-27-3513949,monitor,"we are a faith based medical, search and rescue, and first response team. we give medical and spiritual first aid after natural disasters in the united states and globally. we also deploy, on short-term medical missions, to isolated towns and villages to improve basic sanitation and physical and spiritual wellness. locally, we provide encouragement and spiritual support to those in need within our community.",1
EIN-93-1213063,monitor,"to provide a common meeting ground for police, citizens and youth of the city of hemet in the area of sports, educational and recreational activities in order to foster and encourage in said youth, faith in american principles and in the traditions of sportmanship, good will and friendship, and to foster a constructive relationship between said youth and the hemet police department.",0
EIN-36-2171685,monitor,our mission is to examine vital civic and social issues through a prism of faith and create and distribute programs to inspire action in the chicago community and beyond.,1
EIN-73-1557583,monitor,"to provide a safe place for youth, free from social or peer pressure, support and assistance for academic skills and social skills, and the opportunity to establish a strong foundation on which to build a life.",0
EIN-26-0001796,monitor,support services to children,0
EIN-91-1762639,monitor,"to provide horses as therapy for children and adults to help facilitate growth, learning and healing. horses for healing is dedicated to enhancing the physical and spiritual well-being of special needs individuals and their loved ones through involvement with horses.",0
EIN-26-1707467,monitor,orgination mission or most significant activities are to educate the sikh youth and the community on sikh faith by having weekly classes and prayers,1
EIN-43-1608002,monitor,"Operates and contributes to self improvement programs to promote evangelism, relief and community development in Liberia. This includes support for medical, educational and church planting and supporting activities",1
EIN-82-3116427,monitor,"To promote and spread the religious teachings and philosophies of the holy Rabbi Jacob Joseph Twersky from Square Ukraine and to provide financial assistance to Kollel Square Bnei Brak a not for profit organization in Bnei Brak, Israel",1
EIN-82-1741628,monitor,"The goal of this program is to reduce violence in the Nashville area. Our mission is to educate, inform, empower and help heal our community.",0
EIN-74-2758469,monitor,"RMI provides international pastoral care ministry and support with conferences, seminars, retreats, meetings and individual counseling.",1
EIN-85-3225961,monitor,"A community development financial institution or community development finance institution - abbreviated in both cases to CDFI - is a financial institution that provides credit and financial services to underserved markets and populations, primarily in the St. Louis City and county.",0
EIN-26-4467072,monitor,"religious counsellng.. to engage individuals into personal worship of the living god, in a practical and perptual way by teaching total dependence on jesus christ in all areas of family, church, and work ministries",1
EIN-83-2645310,monitor,"raise funds in the local community to support issues of hunger, environmental and education.",0
EIN-74-2800949,monitor,to serve the sick and lonely and provide for the spiritual and corporal welfare of the poor and needy of the community.,1
EIN-76-0378472,monitor,1.promote research in biosciences;2.encourage advancement of biological and medical knowledge;3.improve the qualification and occupation opportunities of its members;4.facilitate professional contact among its members;5.establish spirit of fratenity and international cooperation.,0
EIN-45-0455343,monitor,"The NDSU Research and Technology Park operates to enhance the investments in North Dakota State University by the citizens of North Dakota. Through partnerships with international, national and regional centers of excellence, high technology-based businesses, and the research community at NDSU, the Research and Technology Park will achieve successful technology based development and broaden the economic base of North Dakota.Scientific and technological advancement will be promoted through the development of facilities and research centers conducive to cutting edge research. The park will establish an innovation accelerator unit, which offers space, facilities and services to technology-based entrepreneurs and businesses.",0
EIN-93-0495655,monitor,"oregon research institute is an independent behavioral sciences research center dedicated to understanding human behavior and improving the quality of human life through the prevention and treatment of health, educational, and social problems.",0
EIN-83-0718160,monitor,"the beautywell project is an organization that was founded to address the issue of skin-lightening practices and chemical exposures in the immigrant and communities of color. the organization's mission is to develop healthy individuals, families and community through education, research, empowerment, policy and systems changes. we have been conducting community forums to educate the somali/african groups, hmong and latino and other communities of color about the skin-lightening practices, chemical exposures, the health and psychological impacts. we have conducted several focus group sessions and key informant interviews in the somali, hmong, latino and south sudanese communities to learn their attitude towards skin-lightening practices, how the cultures influence the practice and the unjust racial associate with skin color. we have trained four health care systems including more than 100 clinics in the minneapolis-st. paul metro area and greater mn. more than 3,000 health care provider",0
EIN-59-2710251,monitor,its mission is to study and teach spiritual principles and to provide a community garden as both a teaching vehicle and to provide homegrown organic food for the neighborhood. the organization provides classes on the nature of spiritual principles which are taught by the directors and members who have engaged in long-term studies and training in spiritual studies. in addition the organization hosts events for the local community that educate and teach abouth the benefits of growing organic food.,1
EIN-22-3235650,monitor,Provide research and analysis on public policy affecting the State of New Hampshire and its citizens.,0
EIN-23-7160084,monitor,provide religious services and other religious activities to further the preservation of the moroccan jewish religious traditions.,1
EIN-46-5590557,monitor,"downline little rock exists to provide religious, charitable and educational purposes through three main venues: downline institute, downline emerging leaders, and downline global.",1
EIN-46-4039538,monitor,"we engage, empower and support pastoral visionaries in their spiritual formation as they launch and build healthy churches that are relevant, missional and life changing.",1
EIN-47-1163974,monitor,"the goal of friends of 400 is to address the physical, spiritual, emotional and relational poverty experienced by the children living in the public housing neighborhoods of inner-city huntsville. we strive to assist these families with opportunities to reach their full potential. our volunteers/donors work with the entire family to make sure the children have the stability to focus on school, extra-curricular activities and reaching their potential.",0
